sectors,n_sectors,n_favored,p_one_sided,median_gap_diff_pts,rank,contains_paper_core
AI+Data/AI+Defense+FinTech+Robotics+Semiconductors,6,12,0.0025945166241414463,28.714285714285715,1,True
AI+Data/AI+Defense+Semiconductors,4,8,0.002617243932191454,25.675127536874786,2,True
AI+Data/AI+Defense+FinTech+Semiconductors,5,11,0.0028413525753184657,27.523809523809522,3,True
AI+Data/AI+Defense+Robotics+Semiconductors,5,9,0.003509371142086469,27.53955755530559,4,True
AI+Data/AI+Defense+FinTech+Logistics+Robotics+Semiconductors,7,13,0.003878324911927978,33.53214285714285,5,True
AI+Data/AI+Defense+FinTech+Logistics+Semiconductors,6,12,0.004881523453271192,28.714285714285715,6,True
AI+Data/AI+Defense+Energy+FinTech+Robotics+Semiconductors,7,13,0.005398737773362627,33.53214285714285,7,True
AI+Data/AI+Defense+Logistics+Semiconductors,5,9,0.0061505725126197505,27.53955755530559,8,True
AI+Data/AI+Defense+Energy+FinTech+Semiconductors,6,12,0.006594277421252077,28.714285714285715,9,True
AI+Data/AI+Defense+Energy+FinTech+Logistics+Robotics+Semiconductors,8,14,0.00698029510566705,40.349999999999994,10,True
AI+Data/AI+Defense+Logistics+Robotics+Semiconductors,6,10,0.007318330105497583,28.722159730033745,11,True
AI+Data/AI+Defense+FinTech+Quantum+Robotics+Semiconductors,7,13,0.007427628116694808,30.34166666666666,12,True
AI+Defense+Semiconductors,3,6,0.007898544114162805,15.078636308804615,13,False
AI+Data/AI+Defense+Energy+Semiconductors,5,9,0.0080398497872525,22.241311941270503,14,True
Data/AI+Defense+Semiconductors,3,5,0.00881824339697354,29.268421052631577,15,False
AI+Data/AI+Defense+FinTech+Quantum+Semiconductors,6,12,0.00881824339697354,22.33333333333333,16,True
AI+Data/AI+Defense+Energy+Robotics+Semiconductors,6,10,0.00954940678584302,28.722159730033745,17,True
AI+Data/AI+Defense+FinTech+Logistics+Quantum+Robotics+Semiconductors,8,14,0.009844812521702424,40.349999999999994,18,True
AI+Data/AI+Defense+Energy+FinTech+Logistics+Semiconductors,7,13,0.010100553545697229,33.53214285714285,19,True
AI+Data/AI+Defense+Quantum+Semiconductors,5,9,0.010421470038532181,19.05083575079431,20,True
AI+Data/AI+Defense,3,7,0.012353708415201756,19.05083575079431,21,True
AI+Defense+Robotics+Semiconductors,4,7,0.012353708415201756,19.05083575079431,22,False
AI+Data/AI+Defense+Quantum+Robotics+Semiconductors,6,10,0.012353708415201756,22.34120734908136,23,True
AI+Data/AI+Defense+FinTech+Logistics+Quantum+Semiconductors,7,13,0.01357708641346376,30.34166666666666,24,True
AI+Crypto+Data/AI+Defense+FinTech+Robotics+Semiconductors,7,13,0.01357708641346376,23.52380952380952,25,True
AI+Data/AI+Defense+Energy+FinTech+Quantum+Robotics+Semiconductors,8,14,0.013686925158128995,40.349999999999994,26,True
Defense+Semiconductors,2,3,0.013686925158128995,28.91388888888889,27,False
AI+Defense+FinTech+Semiconductors,4,9,0.015140646735213304,19.035087719298243,28,False
AI+Data/AI+Defense+Energy+FinTech+Logistics+Quantum+Robotics+Semiconductors,9,15,0.015276048986110012,42.62954545454545,29,True
AI+Crypto+Data/AI+Defense+FinTech+Semiconductors,6,12,0.015300802887320032,22.33333333333333,30,True
Data/AI+Defense+Robotics+Semiconductors,4,6,0.015303055314604552,21.744716121011187,31,False
AI+Data/AI+Defense+Energy+Logistics+Semiconductors,6,10,0.01584508761485047,28.722159730033745,32,True
AI+Crypto+Data/AI+Defense+Semiconductors,5,9,0.017076978627357412,19.05083575079431,33,True
AI+Data/AI+Defense+Robotics,4,8,0.017076978627357412,22.34120734908136,34,True
AI+Data/AI+Defense+Energy+Logistics+Robotics+Semiconductors,7,11,0.017348635473012092,28.768101761252446,35,True
AI+Defense+FinTech+Robotics+Semiconductors,5,10,0.01788765711558355,22.33333333333333,36,False
AI+Data/AI+Defense+FinTech,4,10,0.01788765711558355,22.33333333333333,37,True
AI+Data/AI+Defense+FinTech+Robotics+SaaS+Semiconductors,7,13,0.018041218825998424,23.52380952380952,38,True
AI+Data/AI+Defense+Energy+FinTech+Quantum+Semiconductors,7,13,0.018041218825998424,25.043421052631572,39,True
AI+Crypto+Data/AI+Defense+FinTech+Logistics+Robotics+Semiconductors,8,14,0.018759118450156022,26.71428571428571,40,True
AI+Data/AI+Defense+FinTech+Robotics,5,11,0.019623339211791106,23.52380952380952,41,True
AI+Data/AI+Defense+FinTech+SaaS+Semiconductors,6,12,0.019855567089798107,22.33333333333333,42,True
AI+Data/AI+Defense+Logistics+Quantum+Semiconductors,6,10,0.020150664860967258,22.34120734908136,43,True
AI+Crypto+Data/AI+Defense+Robotics+Semiconductors,6,10,0.020150664860967258,22.34120734908136,44,True
AI+Defense+Logistics+Semiconductors,4,7,0.020150664860967258,18.69630358705162,45,False
Data/AI+Defense+FinTech+Semiconductors,4,8,0.021589969882980682,13.74471612101119,46,False
AI+Data/AI+Defense+SaaS+Semiconductors,5,9,0.021589969882980682,19.05083575079431,47,True
AI+Data/AI+Defense+Logistics+Quantum+Robotics+Semiconductors,7,11,0.02214644443529432,25.577625570776252,48,True
AI+Crypto+Data/AI+Defense+FinTech+Logistics+Semiconductors,7,13,0.02370047077943609,23.52380952380952,49,True
Data/AI+Defense+Logistics+Semiconductors,4,6,0.02493801150303743,20.80787401574804,50,False
AI+Crypto+Data/AI+Defense+Energy+FinTech+Robotics+Semiconductors,8,14,0.025349773465961355,26.71428571428571,51,True
AI+Data/AI+Defense+FinTech+Logistics+Robotics+SaaS+Semiconductors,8,14,0.025349773465961355,26.71428571428571,52,True
AI+Data/AI+Defense+Energy+FinTech+Logistics+Quantum+Semiconductors,8,14,0.025349773465961355,40.349999999999994,53,True
AI+Data/AI+Defense+Energy+Quantum+Semiconductors,6,10,0.02540996335596095,11.744716121011189,54,True
AI+Data/AI+Defense+Robotics+SaaS+Semiconductors,6,10,0.02540996335596095,22.34120734908136,55,True
AI+Defense+Energy+Semiconductors,4,7,0.02540996335596095,13.398057973016535,56,False
Data/AI+Defense+FinTech+Robotics+Semiconductors,5,9,0.0270720956996846,19.035087719298243,57,False
AI+Defense+Logistics+Robotics+Semiconductors,5,8,0.0270720956996846,22.34120734908136,58,False
AI+Data/AI+Defense+Logistics,4,8,0.0270720956996846,22.34120734908136,59,True
AI+Data/AI+Defense+Energy+Quantum+Robotics+Semiconductors,7,11,0.02801880757733692,20.279379956741167,60,True
AI+Defense+FinTech+Logistics+Semiconductors,5,10,0.028443875825614025,22.33333333333333,61,False
AI+Defense,2,5,0.02881313223032085,13.398057973016535,62,False
AI+Data/AI+Defense+FinTech+Logistics+SaaS+Semiconductors,7,13,0.03078338897598351,23.52380952380952,63,True
AI+Crypto+Data/AI+Defense+Energy+FinTech+Semiconductors,7,13,0.03078338897598351,18.225563909774433,64,True
Defense+Robotics+Semiconductors,3,4,0.03078338897598351,21.035651793525812,65,False
Data/AI+Defense,2,4,0.03078338897598351,24.501903866494313,66,False
AI+Crypto+Data/AI+Defense+Energy+FinTech+Logistics+Robotics+Semiconductors,9,15,0.03112345889522688,35.81168831168831,67,True
AI+Defense+FinTech+Logistics+Robotics+Semiconductors,6,11,0.0314102154226432,23.52380952380952,68,False
AI+Data/AI+Defense+FinTech+Logistics,5,11,0.0314102154226432,23.52380952380952,69,True
Data/AI+Defense+Energy+Semiconductors,4,6,0.0314102154226432,20.80787401574804,70,False
AI+Crypto+Data/AI+Defense+Logistics+Semiconductors,6,10,0.03177332089256967,22.34120734908136,71,True
AI+Defense+Quantum+Semiconductors,4,7,0.03177332089256967,13.398057973016535,72,False
AI+Data/AI+Defense+FinTech+Logistics+Robotics,6,12,0.03246111074741345,26.71428571428571,73,True
AI+Data/AI+Defense+Logistics+Robotics,5,9,0.03367006711412767,23.52380952380952,74,True
AI+Data/AI+Defense+Energy,4,8,0.03367006711412767,11.744716121011189,75,True
AI+Defense+Energy+Robotics+Semiconductors,5,8,0.03367006711412767,11.744716121011189,76,False
AI+Crypto+Data/AI+Defense+FinTech+Quantum+Robotics+Semiconductors,8,14,0.03377862585538489,20.333333333333325,77,True
AI+Data/AI+Defense+Energy+FinTech+Robotics+SaaS+Semiconductors,8,14,0.03377862585538489,26.71428571428571,78,True
AI+Crypto+Data/AI+Defense+Logistics+Robotics+Semiconductors,7,11,0.03513412623508042,23.52380952380952,79,True
AI+Defense+Energy+FinTech+Semiconductors,5,10,0.03541838829098138,11.736842105263156,80,False
Data/AI+Defense+Logistics+Robotics+Semiconductors,5,7,0.03541838829098138,16.482414698162735,81,False
AI+Defense+Energy+FinTech+Robotics+Semiconductors,6,11,0.03921281629093425,18.225563909774433,82,False
Data/AI+Defense+Quantum+Semiconductors,4,6,0.03921281629093425,20.80787401574804,83,False
AI+Data/AI+Defense+Energy+FinTech,5,11,0.03921281629093425,18.225563909774433,84,True
AI+Crypto+Data/AI+Defense+Energy+Semiconductors,6,10,0.039399498263091415,11.744716121011189,85,True
AI+Data/AI+Defense+Logistics+SaaS+Semiconductors,6,10,0.039399498263091415,22.34120734908136,86,True
AI+Data/AI+Defense+Energy+FinTech+SaaS+Semiconductors,7,13,0.03953517436372146,18.225563909774433,87,True
AI+Crypto+Data/AI+Defense+FinTech+Quantum+Semiconductors,7,13,0.03953517436372146,15.03508771929824,88,True
AI+Data/AI+Defense+Energy+FinTech+Robotics,6,12,0.04090147363561247,26.71428571428571,89,True
AI+Data/AI+Defense+Quantum,4,8,0.04153778512598794,11.744716121011189,90,True
AI+Defense+Quantum+Robotics+Semiconductors,5,8,0.04153778512598794,11.744716121011189,91,False
Data/AI+Defense+FinTech+Logistics+Semiconductors,5,9,0.04153778512598794,18.56666666666667,92,False
AI+Data/AI+Defense+Energy+Robotics,5,9,0.04153778512598794,18.225563909774433,93,True
AI+Crypto+Data/AI+Defense+FinTech+Logistics+Quantum+Robotics+Semiconductors,9,15,0.04313868864263703,32.62121212121212,94,True
Defense,1,2,0.04313868864263703,45.422628114108704,95,False
AI+Data/AI+Defense+Energy+FinTech+Logistics+Robotics+SaaS+Semiconductors,9,15,0.04313868864263703,33.53214285714285,96,True
AI+Data/AI+Semiconductors,3,6,0.043668807438428686,13.07076229305658,97,False
AI+Data/AI+Defense+Energy+Logistics+Quantum+Semiconductors,7,11,0.043668807438428686,19.810958904109594,98,True
AI+Crypto+Data/AI+Defense+Energy+Robotics+Semiconductors,7,11,0.043668807438428686,18.225563909774433,99,True
AI+Data/AI+Defense+Logistics+Robotics+SaaS+Semiconductors,7,11,0.043668807438428686,23.52380952380952,100,True
AI+Defense+Robotics,3,6,0.043668807438428686,11.744716121011189,101,False
AI+Defense+FinTech+Quantum+Semiconductors,5,10,0.043737279923927126,11.736842105263156,102,False
Data/AI+Defense+Energy+Robotics+Semiconductors,5,7,0.043737279923927126,11.18416908412765,103,False
AI+Crypto+Data/AI+Defense+Energy+FinTech+Logistics+Semiconductors,8,14,0.044388626391377875,26.71428571428571,104,True
AI+Data/AI+Defense+FinTech+Quantum+Robotics+SaaS+Semiconductors,8,14,0.044388626391377875,20.333333333333325,105,True
AI+Data/AI+Defense+Energy+Logistics+Quantum+Robotics+Semiconductors,8,12,0.045745704252243245,28.52191780821918,106,True
AI+Crypto+Defense+Semiconductors,4,7,0.04845243634365405,13.398057973016535,107,False
AI+Data/AI+Defense+Energy+SaaS+Semiconductors,6,10,0.04845243634365405,11.744716121011189,108,True
Data/AI+Defense+FinTech+Logistics+Robotics+Semiconductors,6,10,0.04845243634365405,22.33333333333333,109,False
AI+Crypto+Data/AI+Defense+Quantum+Semiconductors,6,10,0.04845243634365405,11.744716121011189,110,True
AI+Defense+FinTech+Quantum+Robotics+Semiconductors,6,11,0.04852471171567116,15.03508771929824,111,False
AI+Data/AI+Defense+FinTech+Quantum,5,11,0.04852471171567116,15.03508771929824,112,True
Defense+Logistics+Semiconductors,3,4,0.05021126693826919,20.80787401574804,113,False
AI+Data/AI+Defense+FinTech+Quantum+SaaS+Semiconductors,7,13,0.05021126693826919,15.03508771929824,114,True
AI+Defense+Energy+Logistics+Semiconductors,5,8,0.050833099186066114,11.035651793525814,115,False
AI+Data/AI+Defense+Quantum+Robotics,5,9,0.050833099186066114,15.03508771929824,116,True
Data/AI+Defense+Energy+FinTech+Semiconductors,5,9,0.050833099186066114,13.268421052631584,117,False
Data/AI+Defense+Robotics,3,5,0.05104071901054547,11.18416908412765,118,False
AI+Data/AI+Defense+FinTech+Quantum+Robotics,6,12,0.05104071901054547,20.333333333333325,119,True
Data/AI+Defense+Quantum+Robotics+Semiconductors,5,7,0.05356559681768571,11.18416908412765,120,False
Defense+FinTech+Semiconductors,3,6,0.05380306065590875,13.035651793525815,121,False
AI+Crypto+Data/AI+Defense+Quantum+Robotics+Semiconductors,7,11,0.05380306065590875,15.03508771929824,122,True
AI+Data/AI+Defense+Energy+Robotics+SaaS+Semiconductors,7,11,0.05380306065590875,18.225563909774433,123,True
AI+Defense+FinTech,3,8,0.05606553780301397,11.736842105263156,124,False
AI+Data/AI+Defense+Energy+FinTech+Logistics+SaaS+Semiconductors,8,14,0.05753389470994299,26.71428571428571,125,True
AI+Crypto+Data/AI+Defense+FinTech+Logistics+Quantum+Semiconductors,8,14,0.05753389470994299,20.333333333333325,126,True
AI+Data/AI+Defense+FinTech+Logistics+Quantum+Robotics+SaaS+Semiconductors,9,15,0.058650016193786327,30.34166666666666,127,True
AI+Crypto+Data/AI+Defense+Energy+FinTech+Quantum+Robotics+Semiconductors,9,15,0.058650016193786327,27.32296650717703,128,True
AI+Defense+SaaS+Semiconductors,4,7,0.05909715702752337,13.398057973016535,129,False
AI+Data/AI+Robotics+Semiconductors,4,7,0.05909715702752337,15.03508771929824,130,False
AI+Data/AI+Defense+Quantum+SaaS+Semiconductors,6,10,0.05909715702752337,11.744716121011189,131,True
Data/AI+Defense+Energy+FinTech+Robotics+Semiconductors,6,10,0.05909715702752337,11.736842105263156,132,False
Crypto+Data/AI+Defense+Semiconductors,4,6,0.059526120135230114,20.80787401574804,133,False
AI+Defense+Energy+FinTech+Logistics+Semiconductors,6,11,0.059526120135230114,17.871031746031747,134,False
AI+Defense+Energy+Logistics+Robotics+Semiconductors,6,9,0.061713785148123756,17.871031746031747,135,False
AI+Data/AI+Defense+Energy+Logistics,5,9,0.061713785148123756,17.75714285714286,136,True
AI+Crypto+Data/AI+Defense,4,8,0.061713785148123756,11.744716121011189,137,True
AI+Crypto+Defense+Robotics+Semiconductors,5,8,0.061713785148123756,11.744716121011189,138,False
AI+Defense+Logistics+Quantum+Semiconductors,5,8,0.061713785148123756,11.035651793525814,139,False
Data/AI+Defense+FinTech+Quantum+Semiconductors,5,9,0.061713785148123756,13.268421052631584,140,False
AI+Data/AI+Defense+Energy+FinTech+Logistics+Robotics,7,13,0.06306884715648663,33.53214285714285,141,True
Defense+Energy+Semiconductors,3,4,0.06306884715648663,20.80787401574804,142,False
AI+Data/AI+Defense+Energy+FinTech+Logistics,6,12,0.06308617381889482,26.71428571428571,143,True
AI+Defense+Energy+FinTech+Logistics+Robotics+Semiconductors,7,12,0.06308617381889482,26.71428571428571,144,False
Data/AI+Defense+Energy+Logistics+Semiconductors,5,7,0.0650671080364986,10.715748031496076,145,False
AI+Crypto+Defense+FinTech+Semiconductors,5,10,0.0650671080364986,11.736842105263156,146,False
AI+Data/AI+Defense+Quantum+Robotics+SaaS+Semiconductors,7,11,0.06571569192283053,15.03508771929824,147,True
AI+Crypto+Data/AI+Defense+Energy+Logistics+Semiconductors,7,11,0.06571569192283053,17.75714285714286,148,True
AI+Defense+Logistics,3,6,0.06571569192283053,11.035651793525814,149,False
AI+Defense+FinTech+Robotics,4,9,0.06779677260591753,15.03508771929824,150,False
AI+Data/AI+FinTech+Semiconductors,4,9,0.06779677260591753,15.03508771929824,151,False
AI+Crypto+Data/AI+Defense+Energy+Logistics+Robotics+Semiconductors,8,12,0.06988679878257575,24.41428571428571,152,True
Data/AI+Defense+FinTech+Quantum+Robotics+Semiconductors,6,10,0.071494855310068,11.736842105263156,153,False
Defense+FinTech+Robotics+Semiconductors,4,7,0.071494855310068,13.38230994152047,154,False
Data/AI+Defense+FinTech,3,7,0.071494855310068,13.268421052631584,155,False
AI+Data/AI+Defense+Energy+Logistics+Robotics,6,10,0.071494855310068,24.41428571428571,156,True
AI+Defense+FinTech+Logistics+Quantum+Semiconductors,6,11,0.07239290340449515,14.680555555555552,157,False
AI+Crypto+Data/AI+Defense+FinTech,5,11,0.07239290340449515,15.03508771929824,158,True
AI+Crypto+Defense+FinTech+Robotics+Semiconductors,6,11,0.07239290340449515,15.03508771929824,159,False
Data/AI+Defense+SaaS+Semiconductors,4,6,0.07239290340449515,20.80787401574804,160,False
AI+Crypto+Data/AI+Defense+FinTech+Robotics+SaaS+Semiconductors,8,14,0.07356378683298778,20.333333333333325,161,True
AI+Data/AI+Defense+FinTech+Logistics+Quantum+SaaS+Semiconductors,8,14,0.07356378683298778,20.333333333333325,162,True
AI+Crypto+Data/AI+Defense+Energy+FinTech+Quantum+Semiconductors,8,14,0.07356378683298778,9.736842105263154,163,True
AI+Data/AI+Defense+Logistics+Quantum,5,9,0.07433279881003173,14.566666666666666,164,True
AI+Defense+Logistics+Quantum+Robotics+Semiconductors,6,9,0.07433279881003173,14.680555555555552,165,False
AI+Defense+Energy+Quantum+Semiconductors,5,8,0.07433279881003173,11.035651793525814,166,False
AI+Defense+Robotics+SaaS+Semiconductors,5,8,0.07433279881003173,11.744716121011189,167,False
AI+Crypto+Data/AI+Defense+Robotics,5,9,0.07433279881003173,15.03508771929824,168,True
AI+Data/AI+Defense+SaaS,4,8,0.07433279881003173,11.744716121011189,169,True
Defense+Logistics+Robotics+Semiconductors,4,5,0.07723804373519026,10.82963692038496,170,False
AI+Defense+FinTech+Logistics+Quantum+Robotics+Semiconductors,7,12,0.07723804373519026,20.333333333333325,171,False
AI+Crypto+Data/AI+Defense+FinTech+Robotics,6,12,0.07723804373519026,20.333333333333325,172,True
Data/AI+Defense+Logistics,3,5,0.07723804373519026,10.715748031496076,173,False
AI+Data/AI+Defense+FinTech+Logistics+Quantum,6,12,0.07723804373519026,20.333333333333325,174,True
AI+Data/AI+Defense+Energy+FinTech+Quantum+Robotics+SaaS+Semiconductors,9,15,0.07823489450271691,25.043421052631572,175,True
AI+Crypto+Data/AI+Defense+FinTech+SaaS+Semiconductors,7,13,0.07835637973090404,15.03508771929824,176,True
AI+Data/AI+Defense+FinTech+Logistics+Quantum+Robotics,7,13,0.07835637973090404,30.34166666666666,177,True
Defense+Quantum+Semiconductors,3,4,0.07835637973090404,20.80787401574804,178,False
Data/AI+Defense+Logistics+Quantum+Semiconductors,5,7,0.07839902919555809,10.715748031496076,179,False
AI+Data/AI+FinTech+Robotics+Semiconductors,5,10,0.07839902919555809,20.333333333333325,180,False
Crypto+Data/AI+Defense+Robotics+Semiconductors,5,7,0.07839902919555809,11.18416908412765,181,False
AI+Defense+FinTech+SaaS+Semiconductors,5,10,0.07839902919555809,11.736842105263156,182,False
AI+Crypto+Data/AI+Defense+Logistics+Quantum+Semiconductors,7,11,0.07957798726000981,14.566666666666666,183,True
AI+Defense+Energy,3,6,0.07957798726000981,11.035651793525814,184,False
AI+Data/AI+Defense+Energy+Logistics+SaaS+Semiconductors,7,11,0.07957798726000981,17.75714285714286,185,True
Data/AI+Defense+Energy+Logistics+Robotics+Semiconductors,6,8,0.08133934997712822,2.2078740157480348,186,False
AI+Data/AI+Defense+Energy+Logistics+Robotics+SaaS+Semiconductors,8,12,0.08516242548626096,24.41428571428571,187,True
AI+Crypto+Data/AI+Defense+Logistics+Quantum+Robotics+Semiconductors,8,12,0.08516242548626096,18.033333333333324,188,True
AI+Crypto+Data/AI+Defense+SaaS+Semiconductors,6,10,0.08579728853641616,11.744716121011189,189,True
AI+Data/AI+Logistics+Semiconductors,4,7,0.08579728853641616,14.566666666666666,190,False
AI+Defense+Logistics+Robotics,4,7,0.08579728853641616,14.680555555555552,191,False
AI+Data/AI+Defense+Logistics+Quantum+Robotics,6,10,0.08579728853641616,18.033333333333324,192,True
Data/AI+Defense+Energy+FinTech+Logistics+Semiconductors,6,10,0.08579728853641616,10.80000000000001,193,False
AI+Semiconductors,2,4,0.08698368919757815,12.361697965571205,194,False
AI+Data/AI+Defense+FinTech+SaaS,5,11,0.08729005317822464,15.03508771929824,195,True
AI+Defense+Energy+FinTech+Quantum+Semiconductors,6,11,0.08729005317822464,9.382309941520466,196,False
AI+Defense+FinTech+Robotics+SaaS+Semiconductors,6,11,0.08729005317822464,15.03508771929824,197,False
AI+Data/AI+Defense+Robotics+SaaS,5,9,0.08883291466407589,15.03508771929824,198,True
Data/AI+Defense+FinTech+Robotics,4,8,0.08883291466407589,11.736842105263156,199,False
Crypto+Data/AI+Defense+FinTech+Semiconductors,5,9,0.08883291466407589,13.268421052631584,200,False
AI+Data/AI+Defense+Energy+Quantum,5,9,0.08883291466407589,9.268421052631581,201,True
AI+Crypto+Defense+Logistics+Semiconductors,5,8,0.08883291466407589,11.035651793525814,202,False
AI+Defense+Energy+Quantum+Robotics+Semiconductors,6,9,0.08883291466407589,9.382309941520466,203,False
Data/AI+Semiconductors,2,3,0.09280351102334528,26.700000000000003,204,False
Defense+Robotics,2,3,0.09280351102334528,10.82963692038496,205,False
AI+Data/AI+Defense+Energy+FinTech+Quantum+SaaS+Semiconductors,8,14,0.09280351102334528,9.736842105263154,206,True
AI+Data/AI+Defense+Energy+FinTech+Quantum,6,12,0.0936809094505005,9.736842105263154,207,True
Defense+Energy+Robotics+Semiconductors,4,5,0.0936809094505005,10.82963692038496,208,False
AI+Defense+Energy+FinTech+Quantum+Robotics+Semiconductors,7,12,0.0936809094505005,9.736842105263154,209,False
Data/AI+Defense+Energy,3,5,0.0936809094505005,10.715748031496076,210,False
AI+Data/AI+Defense+FinTech+Robotics+SaaS,6,12,0.0936809094505005,20.333333333333325,211,True
Data/AI+Defense+Robotics+SaaS+Semiconductors,5,7,0.09370611932594286,11.18416908412765,212,False
Data/AI+Defense+Energy+Quantum+Semiconductors,5,7,0.09370611932594286,10.715748031496076,213,False
AI+Crypto+Data/AI+Defense+Robotics+SaaS+Semiconductors,7,11,0.0955468539825613,15.03508771929824,214,True
AI+Defense+Quantum,3,6,0.0955468539825613,11.035651793525814,215,False
Data/AI+Defense+Energy+FinTech+Logistics+Robotics+Semiconductors,7,11,0.0955468539825613,15.657142857142858,216,False
AI+Data/AI+Defense+Logistics+Quantum+SaaS+Semiconductors,7,11,0.0955468539825613,14.566666666666666,217,True
AI+Crypto+Data/AI+Defense+Energy+Quantum+Semiconductors,7,11,0.0955468539825613,9.268421052631581,218,True
AI+Data/AI+Defense+Energy+FinTech+Quantum+Robotics,7,13,0.09630151725499331,25.043421052631572,219,True
AI+Defense+FinTech+Logistics,4,9,0.0968287947595155,14.680555555555552,220,False
Data/AI+Defense+Logistics+Quantum+Robotics+Semiconductors,6,8,0.0968287947595155,2.2078740157480348,221,False
Data/AI+Defense+FinTech+Logistics+Quantum+Semiconductors,6,10,0.10214063051984873,10.80000000000001,222,False
AI+Defense+Energy+Robotics,4,7,0.10214063051984873,9.382309941520466,223,False
Defense+FinTech+Logistics+Semiconductors,4,7,0.10214063051984873,12.913888888888897,224,False
Crypto+Data/AI+Defense+FinTech+Robotics+Semiconductors,6,10,0.10214063051984873,11.736842105263156,225,False
AI+Data/AI+Energy+Semiconductors,4,7,0.10214063051984873,9.268421052631581,226,False
AI+Data/AI+Defense+Energy+Quantum+Robotics,6,10,0.10214063051984873,7.4368421052631515,227,True
AI+Crypto+Data/AI+Defense+Energy+FinTech+Logistics+Quantum+Semiconductors,9,15,0.10241999042788469,26.85454545454546,228,True
AI+Crypto+Data/AI+Defense+FinTech+Logistics+Robotics+SaaS+Semiconductors,9,15,0.10241999042788469,23.52380952380952,229,True
AI+Crypto+Data/AI+Defense+Energy+Quantum+Robotics+Semiconductors,8,12,0.10281260991156776,7.4368421052631515,230,True
AI+Data/AI+Defense+Logistics+Quantum+Robotics+SaaS+Semiconductors,8,12,0.10281260991156776,18.033333333333324,231,True
Data/AI+Defense+Logistics+Robotics,4,6,0.10436454880770463,2.2078740157480348,232,False
AI+Crypto+Defense+FinTech+Logistics+Semiconductors,6,11,0.10436454880770463,14.680555555555552,233,False
Data/AI+Defense+FinTech+SaaS+Semiconductors,5,9,0.10534091470521884,13.268421052631584,234,False
AI+Defense+Logistics+SaaS+Semiconductors,5,8,0.10534091470521884,11.035651793525814,235,False
AI+Crypto+Defense+Energy+Semiconductors,5,8,0.10534091470521884,11.035651793525814,236,False
AI+Crypto+Defense+Logistics+Robotics+Semiconductors,6,9,0.10534091470521884,14.680555555555552,237,False
AI+Crypto+Data/AI+Defense+Logistics,5,9,0.10534091470521884,14.566666666666666,238,True
AI+Data/AI+Logistics+Robotics+Semiconductors,5,8,0.10534091470521884,18.033333333333324,239,False
AI+Defense+FinTech+Logistics+Robotics,5,10,0.1111143493204132,20.333333333333325,240,False
Crypto+Data/AI+Defense+Logistics+Semiconductors,5,7,0.1111143493204132,10.715748031496076,241,False
AI+Data/AI+FinTech+Logistics+Semiconductors,5,10,0.1111143493204132,20.333333333333325,242,False
AI+Crypto+Defense+FinTech+Logistics+Robotics+Semiconductors,7,12,0.11257448914164464,20.333333333333325,243,False
AI+Crypto+Data/AI+Defense+FinTech+Logistics,6,12,0.11257448914164464,20.333333333333325,244,True
Defense+Quantum+Robotics+Semiconductors,4,5,0.11257448914164464,10.82963692038496,245,False
Data/AI+Defense+Quantum,3,5,0.11257448914164464,10.715748031496076,246,False
AI+Data/AI+Defense+Energy+Quantum+SaaS+Semiconductors,7,11,0.11375746620787336,9.268421052631581,247,True
Data/AI+Defense+FinTech+Logistics+Quantum+Robotics+Semiconductors,7,11,0.11375746620787336,12.466666666666665,248,False
Data/AI+Defense+Energy+Quantum+Robotics+Semiconductors,6,8,0.11438163110658506,2.2078740157480348,249,False
AI+Defense+Energy+FinTech,4,9,0.11438163110658506,9.382309941520466,250,False
AI+Crypto+Data/AI+Defense+FinTech+Logistics+SaaS+Semiconductors,8,14,0.11553218948121624,20.333333333333325,251,True
AI+Crypto+Data/AI+Defense+FinTech+Logistics+Robotics,7,13,0.11709788221161127,23.52380952380952,252,True
Crypto+Defense+Semiconductors,3,4,0.11709788221161127,20.80787401574804,253,False
Data/AI+Defense+FinTech+Robotics+SaaS+Semiconductors,6,10,0.12063901841223218,11.736842105263156,254,False
Data/AI+Defense+Energy+FinTech+Quantum+Semiconductors,6,10,0.12063901841223218,10.80000000000001,255,False
AI+Data/AI+Quantum+Semiconductors,4,7,0.12063901841223218,9.268421052631581,256,False
AI+Crypto+Data/AI+Defense+Logistics+Robotics,6,10,0.12063901841223218,18.033333333333324,257,True
AI+Defense+Quantum+Robotics,4,7,0.12063901841223218,9.382309941520466,258,False
Defense+Energy+FinTech+Semiconductors,4,7,0.12063901841223218,12.913888888888897,259,False
AI+Data/AI,2,5,0.12298105961657224,9.268421052631581,260,False
AI+Robotics+Semiconductors,3,5,0.12298105961657224,9.382309941520466,261,False
AI+Data/AI+Defense+Energy+Quantum+Robotics+SaaS+Semiconductors,8,12,0.12298105961657224,7.4368421052631515,262,True
Data/AI+Defense+Energy+Robotics,4,6,0.12373787028131283,2.2078740157480348,263,False
AI+Crypto+Defense+Energy+FinTech+Semiconductors,6,11,0.12373787028131283,9.382309941520466,264,False
AI+Data/AI+FinTech+Logistics+Robotics+Semiconductors,6,11,0.12373787028131283,23.52380952380952,265,False
AI+Defense+FinTech+Logistics+SaaS+Semiconductors,6,11,0.12373787028131283,14.680555555555552,266,False
AI+Crypto+Data/AI+Defense+Energy,5,9,0.12396154503060869,9.268421052631581,267,True
Defense+FinTech+Logistics+Robotics+Semiconductors,5,8,0.12396154503060869,11.02777777777778,268,False
AI+Data/AI+Defense+Logistics+SaaS,5,9,0.12396154503060869,14.566666666666666,269,True
Data/AI+Defense+FinTech+Logistics,4,8,0.12396154503060869,10.80000000000001,270,False
AI+Defense+Energy+Logistics+Quantum+Semiconductors,6,9,0.12396154503060869,8.913888888888893,271,False
AI+Defense+Logistics+Robotics+SaaS+Semiconductors,6,9,0.12396154503060869,14.680555555555552,272,False
AI+Crypto+Defense+Quantum+Semiconductors,5,8,0.12396154503060869,11.035651793525814,273,False
AI+Data/AI+Energy+Robotics+Semiconductors,5,8,0.12396154503060869,7.4368421052631515,274,False
AI+Defense+Energy+SaaS+Semiconductors,5,8,0.12396154503060869,11.035651793525814,275,False
AI+Crypto+Defense+Energy+Robotics+Semiconductors,6,9,0.12396154503060869,9.382309941520466,276,False
AI+Data/AI+Energy+FinTech+Semiconductors,5,10,0.130724397765426,9.736842105263154,277,False
Crypto+Data/AI+Defense+Energy+Semiconductors,5,7,0.130724397765426,10.715748031496076,278,False
Data/AI+Defense+Logistics+SaaS+Semiconductors,5,7,0.130724397765426,10.715748031496076,279,False
AI+Defense+Energy+FinTech+Robotics,5,10,0.130724397765426,9.736842105263154,280,False
AI+Data/AI+Defense+Energy+FinTech+Logistics+Quantum+SaaS+Semiconductors,9,15,0.1316298714422784,24.575000000000003,281,True
AI+Crypto+Data/AI+Defense+Energy+FinTech+Robotics+SaaS+Semiconductors,9,15,0.1316298714422784,18.225563909774433,282,True
AI+Defense+FinTech+Logistics+Robotics+SaaS+Semiconductors,7,12,0.13404409381773613,20.333333333333325,283,False
AI+Defense+Energy+FinTech+Logistics+Quantum+Semiconductors,7,12,0.13404409381773613,9.027777777777779,284,False
AI+Crypto+Data/AI+Defense+Energy+FinTech,6,12,0.13404409381773613,9.736842105263154,285,True
AI+Data/AI+Defense+FinTech+Logistics+SaaS,6,12,0.13404409381773613,20.333333333333325,286,True
AI+Crypto+Defense+Energy+FinTech+Robotics+Semiconductors,7,12,0.13404409381773613,9.736842105263154,287,False
Defense+Energy+Logistics+Semiconductors,4,5,0.13404409381773613,10.715748031496076,288,False
Crypto+Data/AI+Defense+Logistics+Robotics+Semiconductors,6,8,0.13408931939940733,2.2078740157480348,289,False
AI+Defense+FinTech+Quantum,4,9,0.13408931939940733,9.382309941520466,290,False
AI+Crypto+Defense,3,6,0.13431573305778122,11.035651793525814,291,False
AI+Crypto+Data/AI+Defense+Logistics+SaaS+Semiconductors,7,11,0.13431573305778122,14.566666666666666,292,True
Data/AI+Defense+Energy+FinTech+Quantum+Robotics+Semiconductors,7,11,0.13431573305778122,7.1684210526315795,293,False
Data/AI+Robotics+Semiconductors,3,4,0.1408914360996386,10.2,294,False
AI+Crypto+Data/AI+Defense+Energy+FinTech+Robotics,7,13,0.1408914360996386,18.225563909774433,295,True
Defense+SaaS+Semiconductors,3,4,0.1408914360996386,20.80787401574804,296,False
AI+Data/AI+Defense+Energy+FinTech+Logistics+Quantum,7,13,0.1408914360996386,24.575000000000003,297,True
AI+Data/AI+Defense+FinTech+Logistics+Robotics+SaaS,7,13,0.1408914360996386,23.52380952380952,298,True
AI+Defense+Energy+FinTech+Logistics+Quantum+Robotics+Semiconductors,8,13,0.1408914360996386,24.688888888888886,299,False
AI+Data/AI+Defense+Logistics+Robotics+SaaS,6,10,0.14137807372199623,18.033333333333324,300,True
AI+Data/AI+Defense+Energy+Logistics+Quantum,6,10,0.14137807372199623,6.500000000000005,301,True
Defense+FinTech+Quantum+Semiconductors,4,7,0.14137807372199623,12.913888888888897,302,False
AI+Defense+Energy+Logistics+Quantum+Robotics+Semiconductors,7,10,0.14137807372199623,6.727777777777776,303,False
AI+Defense+Energy+Logistics,4,7,0.14137807372199623,8.913888888888893,304,False
Crypto+Data/AI+Defense+FinTech+Logistics+Semiconductors,6,10,0.14137807372199623,10.80000000000001,305,False
AI+Crypto+Data/AI+Defense+Energy+Robotics,6,10,0.14137807372199623,7.4368421052631515,306,True
AI+Data/AI+Defense+Energy+FinTech+Logistics+Quantum+Robotics,8,14,0.1419597228844613,38.04999999999999,307,True
Defense+Logistics,2,3,0.1419597228844613,10.715748031496076,308,False
AI+Crypto+Data/AI+Defense+Energy+FinTech+SaaS+Semiconductors,8,14,0.1419597228844613,9.736842105263154,309,True
AI+Data/AI+Defense+Energy+SaaS,5,9,0.14477150396392313,9.268421052631581,310,True
Data/AI+Defense+Energy+FinTech,4,8,0.14477150396392313,10.80000000000001,311,False
AI+Defense+Energy+Robotics+SaaS+Semiconductors,6,9,0.14477150396392313,9.382309941520466,312,False
AI+Data/AI+Quantum+Robotics+Semiconductors,5,8,0.14477150396392313,7.4368421052631515,313,False
AI+Defense+Quantum+SaaS+Semiconductors,5,8,0.14477150396392313,11.035651793525814,314,False
AI+Crypto+Data/AI+Defense+Quantum,5,9,0.14477150396392313,9.268421052631581,315,True
Defense+Energy+FinTech+Robotics+Semiconductors,5,8,0.14477150396392313,11.02777777777778,316,False
AI+Crypto+Defense+Quantum+Robotics+Semiconductors,6,9,0.14477150396392313,9.382309941520466,317,False
Data/AI+Defense+FinTech+Logistics+Robotics,5,9,0.14477150396392313,12.466666666666665,318,False
Data/AI+Defense+Quantum+Robotics,4,6,0.14549851650953444,2.2078740157480348,319,False
AI+Data/AI+Energy+FinTech+Robotics+Semiconductors,6,11,0.14549851650953444,18.225563909774433,320,False
AI+Crypto+Defense+FinTech+Quantum+Semiconductors,6,11,0.14549851650953444,9.382309941520466,321,False
AI+Defense+Energy+FinTech+SaaS+Semiconductors,6,11,0.14549851650953444,9.382309941520466,322,False
AI+Crypto+Data/AI+Defense+Energy+Logistics+Quantum+Semiconductors,8,12,0.14577234629088637,6.500000000000005,323,True
Defense+FinTech,2,5,0.14577234629088637,12.913888888888897,324,False
AI+Crypto+Data/AI+Defense+Logistics+Robotics+SaaS+Semiconductors,8,12,0.14577234629088637,18.033333333333324,325,True
AI+Defense+FinTech+Quantum+Robotics,5,10,0.1526052781405109,9.736842105263154,326,False
AI+FinTech+Semiconductors,3,7,0.1526052781405109,9.382309941520466,327,False
Crypto+Data/AI+Defense+Quantum+Semiconductors,5,7,0.1526052781405109,10.715748031496076,328,False
Data/AI+Defense+Energy+SaaS+Semiconductors,5,7,0.1526052781405109,10.715748031496076,329,False
AI+Data/AI+FinTech+Quantum+Semiconductors,5,10,0.1526052781405109,9.736842105263154,330,False
AI+Crypto+Data/AI+Defense+Energy+Logistics+Quantum+Robotics+Semiconductors,9,13,0.15394147169110545,10.810958904109587,331,True
Data/AI+Defense+Energy+Logistics+Quantum+Semiconductors,6,8,0.15601237038219223,2.0939851268591494,332,False
Data/AI+Defense+Logistics+Robotics+SaaS+Semiconductors,6,8,0.15601237038219223,2.2078740157480348,333,False
Crypto+Data/AI+Defense+Energy+Robotics+Semiconductors,6,8,0.15601237038219223,2.2078740157480348,334,False
Crypto+Data/AI+Defense+FinTech+Logistics+Robotics+Semiconductors,7,11,0.15729096760617423,12.466666666666665,335,False
AI+Crypto+Data/AI+Defense+Energy+SaaS+Semiconductors,7,11,0.15729096760617423,9.268421052631581,336,True
AI+Data/AI+Defense+Energy+Logistics+Quantum+Robotics,7,11,0.15729096760617423,10.810958904109587,337,True
AI+Defense+SaaS,3,6,0.15729096760617423,11.035651793525814,338,False
AI+Data/AI+Robotics,3,6,0.15729096760617423,7.4368421052631515,339,False
Crypto+Data/AI+Defense,3,5,0.1581712927295464,10.715748031496076,340,False
AI+Crypto+Defense+FinTech+Quantum+Robotics+Semiconductors,7,12,0.1581712927295464,9.736842105263154,341,False
AI+Defense+Energy+FinTech+Robotics+SaaS+Semiconductors,7,12,0.1581712927295464,9.736842105263154,342,False
Crypto+Defense+Robotics+Semiconductors,4,5,0.1581712927295464,10.82963692038496,343,False
AI+Data/AI+Defense+Energy+FinTech+SaaS,6,12,0.1581712927295464,9.736842105263154,344,True
Defense+Logistics+Quantum+Semiconductors,4,5,0.1581712927295464,10.715748031496076,345,False
AI+Crypto+Data/AI+Defense+FinTech+Quantum,6,12,0.1581712927295464,9.736842105263154,346,True
AI+Data/AI+Defense+Energy+Robotics+SaaS,6,10,0.1644087203898244,7.4368421052631515,347,True
AI+Crypto+Data/AI+Defense+Quantum+Robotics,6,10,0.1644087203898244,7.4368421052631515,348,True
Crypto+Data/AI+Defense+Energy+FinTech+Semiconductors,6,10,0.1644087203898244,10.80000000000001,349,False
AI+Crypto+Defense+Robotics,4,7,0.1644087203898244,9.382309941520466,350,False
Data/AI+Defense+FinTech+Logistics+SaaS+Semiconductors,6,10,0.1644087203898244,10.80000000000001,351,False
AI+Defense+Logistics+Quantum,4,7,0.1644087203898244,8.913888888888893,352,False
AI+Crypto+Data/AI+Semiconductors,4,7,0.1644087203898244,9.268421052631581,353,False
AI+Crypto+Data/AI+Defense+FinTech+Quantum+Robotics+SaaS+Semiconductors,9,15,0.16613366174921496,15.03508771929824,354,True
AI+Data/AI+Defense+Energy+FinTech+Robotics+SaaS,7,13,0.16776730073037271,18.225563909774433,355,True
AI+Crypto+Data/AI+Defense+FinTech+Quantum+Robotics,7,13,0.16776730073037271,15.03508771929824,356,True
AI+Data/AI+Defense+Quantum+SaaS,5,9,0.16781375992667197,9.268421052631581,357,True
AI+Defense+Energy+Logistics+Robotics,5,8,0.16781375992667197,6.727777777777776,358,False
AI+Data/AI+Energy+Logistics+Semiconductors,5,8,0.16781375992667197,6.500000000000005,359,False
Data/AI+Defense+FinTech+Quantum,4,8,0.16781375992667197,10.80000000000001,360,False
Defense+FinTech+Quantum+Robotics+Semiconductors,5,8,0.16781375992667197,11.02777777777778,361,False
AI+Defense+Quantum+Robotics+SaaS+Semiconductors,6,9,0.16781375992667197,9.382309941520466,362,False
Data/AI+Defense+Energy+FinTech+Robotics,5,9,0.16781375992667197,7.1684210526315795,363,False
AI+Crypto+Defense+Energy+Logistics+Semiconductors,6,9,0.16781375992667197,8.913888888888893,364,False
Defense+Energy+Logistics+Robotics+Semiconductors,5,6,0.16969492983506934,2.2078740157480348,365,False
AI+Data/AI+FinTech+Quantum+Robotics+Semiconductors,6,11,0.16969492983506934,15.03508771929824,366,False
Data/AI+Defense+Energy+Logistics,4,6,0.16969492983506934,2.0939851268591494,367,False
AI+Defense+FinTech+Quantum+SaaS+Semiconductors,6,11,0.16969492983506934,9.382309941520466,368,False
AI+Logistics+Semiconductors,3,5,0.17124289085898137,8.913888888888893,369,False
AI+Data/AI+Defense+Energy+Logistics+Quantum+SaaS+Semiconductors,8,12,0.17124289085898137,6.500000000000005,370,True
AI+Crypto+Data/AI+Defense+Energy+Robotics+SaaS+Semiconductors,8,12,0.17124289085898137,7.4368421052631515,371,True
AI+Crypto+Data/AI+Defense+FinTech+Quantum+SaaS+Semiconductors,8,14,0.17220420701046962,9.736842105263154,372,True
Defense+Energy,2,3,0.17220420701046962,10.715748031496076,373,False
AI+Defense+Energy+FinTech+Logistics,5,10,0.1767884349512177,9.027777777777779,374,False
Data/AI+Defense+Quantum+SaaS+Semiconductors,5,7,0.1767884349512177,10.715748031496076,375,False
Data/AI+Defense+Energy+Logistics+Quantum+Robotics+Semiconductors,7,9,0.18017494630325642,-6.500000000000005,376,False
Crypto+Data/AI+Defense+Quantum+Robotics+Semiconductors,6,8,0.18017494630325642,2.2078740157480348,377,False
AI+Data/AI+FinTech,3,8,0.18017494630325642,9.736842105263154,378,False
Data/AI+Defense+Energy+Robotics+SaaS+Semiconductors,6,8,0.18017494630325642,2.2078740157480348,379,False
AI+FinTech+Robotics+Semiconductors,4,8,0.18017494630325642,9.736842105263154,380,False
AI+Crypto+Defense+FinTech,4,9,0.18017494630325642,9.382309941520466,381,False
AI+Data/AI+Defense+Energy+Logistics+Quantum+Robotics+SaaS+Semiconductors,9,13,0.18236812465851088,10.810958904109587,382,True
Crypto+Data/AI+Defense+Energy+FinTech+Robotics+Semiconductors,7,11,0.18270917454839491,7.1684210526315795,383,False
Data/AI+FinTech+Semiconductors,3,6,0.18270917454839491,10.80000000000001,384,False
Defense+FinTech+Robotics,3,6,0.18270917454839491,11.02777777777778,385,False
Data/AI+Defense+Energy+FinTech+Logistics+Quantum+Semiconductors,7,11,0.18270917454839491,6.700000000000006,386,False
Data/AI+Defense+FinTech+Logistics+Robotics+SaaS+Semiconductors,7,11,0.18270917454839491,12.466666666666665,387,False
AI+Crypto+Data/AI+Defense+Quantum+SaaS+Semiconductors,7,11,0.18270917454839491,9.268421052631581,388,True
Defense+Energy+Quantum+Semiconductors,4,5,0.18498536781007502,10.715748031496076,389,False
Data/AI+Defense+SaaS,3,5,0.18498536781007502,10.715748031496076,390,False
AI+Crypto+Defense+Energy+FinTech+Logistics+Semiconductors,7,12,0.18498536781007502,9.027777777777779,391,False
AI+Data/AI+Defense+FinTech+Quantum+SaaS,6,12,0.18498536781007502,9.736842105263154,392,True
AI+Defense+FinTech+Quantum+Robotics+SaaS+Semiconductors,7,12,0.18498536781007502,9.736842105263154,393,False
Defense+Robotics+SaaS+Semiconductors,4,5,0.18498536781007502,10.82963692038496,394,False
Data/AI+Defense+Energy+FinTech+SaaS+Semiconductors,6,10,0.18974164730814302,10.80000000000001,395,False
Crypto+Data/AI+Defense+FinTech+Quantum+Semiconductors,6,10,0.18974164730814302,10.80000000000001,396,False
AI+Crypto+Defense+Energy+Logistics+Robotics+Semiconductors,7,10,0.18974164730814302,6.727777777777776,397,False
AI+Data/AI+Defense+Quantum+Robotics+SaaS,6,10,0.18974164730814302,7.4368421052631515,398,True
AI+Defense+Robotics+SaaS,4,7,0.18974164730814302,9.382309941520466,399,False
AI+Defense+Energy+Quantum,4,7,0.18974164730814302,8.913888888888893,400,False
AI+Data/AI+SaaS+Semiconductors,4,7,0.18974164730814302,9.268421052631581,401,False
AI+Crypto+Data/AI+Defense+Energy+Logistics,6,10,0.18974164730814302,6.500000000000005,402,True
Crypto+Defense+FinTech+Semiconductors,4,7,0.18974164730814302,12.913888888888897,403,False
Defense+Energy+FinTech+Logistics+Semiconductors,5,8,0.1930925159792946,10.80000000000001,404,False
AI+Data/AI+Energy+Logistics+Robotics+Semiconductors,6,9,0.1930925159792946,8.757142857142853,405,False
AI+Defense+Logistics+Quantum+Robotics,5,8,0.1930925159792946,6.727777777777776,406,False
AI+Data/AI+Logistics+Quantum+Semiconductors,5,8,0.1930925159792946,6.500000000000005,407,False
AI+Crypto+Defense+SaaS+Semiconductors,5,8,0.1930925159792946,11.035651793525814,408,False
AI+Defense+Energy+Logistics+SaaS+Semiconductors,6,9,0.1930925159792946,8.913888888888893,409,False
AI+Crypto+Defense+Logistics+Quantum+Semiconductors,6,9,0.1930925159792946,8.913888888888893,410,False
Data/AI+Defense+FinTech+Quantum+Robotics,5,9,0.1930925159792946,7.1684210526315795,411,False
AI+Crypto+Data/AI+Robotics+Semiconductors,5,8,0.1930925159792946,7.4368421052631515,412,False
Data/AI+Defense+Logistics+Quantum,4,6,0.19632925537285273,2.0939851268591494,413,False
AI+Data/AI+Energy+FinTech+Logistics+Semiconductors,6,11,0.19632925537285273,17.75714285714286,414,False
Crypto+Data/AI+Defense+Robotics,4,6,0.19632925537285273,2.2078740157480348,415,False
Defense+Logistics+Quantum+Robotics+Semiconductors,5,6,0.19632925537285273,2.2078740157480348,416,False
AI+Defense+Energy+FinTech+Logistics+Robotics,6,11,0.19632925537285273,17.871031746031747,417,False
AI+Data/AI+Defense+FinTech+Quantum+Robotics+SaaS,7,13,0.19773799629434102,15.03508771929824,418,True
Defense+Logistics+Robotics,3,4,0.19773799629434102,2.2078740157480348,419,False
Data/AI+Logistics+Semiconductors,3,4,0.19773799629434102,10.086111111111112,420,False
AI+Crypto+Data/AI+Defense+Energy+FinTech+Logistics,7,13,0.19773799629434102,17.75714285714286,421,True
AI+Crypto+Defense+Energy+FinTech+Logistics+Robotics+Semiconductors,8,13,0.19773799629434102,17.871031746031747,422,False
AI+Energy+Semiconductors,3,5,0.19939303848717216,8.913888888888893,423,False
Data/AI+Defense+Energy+FinTech+Logistics+Quantum+Robotics+Semiconductors,8,12,0.19939303848717216,0.20000000000000018,424,False
AI+Crypto+Data/AI+Defense+Quantum+Robotics+SaaS+Semiconductors,8,12,0.19939303848717216,7.4368421052631515,425,True
Data/AI+Defense+Energy+Logistics+Robotics,5,7,0.20326266067262383,-6.500000000000005,426,False
AI+Crypto+Defense+FinTech+Robotics,5,10,0.20326266067262383,9.736842105263154,427,False
AI+Crypto+Data/AI+FinTech+Semiconductors,5,10,0.20326266067262383,9.736842105263154,428,False
AI+Defense+FinTech+Logistics+Quantum,5,10,0.20326266067262383,9.027777777777779,429,False
AI+Crypto+Data/AI+Defense+Energy+FinTech+Logistics+SaaS+Semiconductors,9,15,0.20599564244763996,17.75714285714286,430,True
Defense+Quantum,2,3,0.20627190896433745,10.715748031496076,431,False
AI+Crypto+Data/AI+Defense+Energy+FinTech+Logistics+Robotics,8,14,0.20627190896433745,24.41428571428571,432,True
Crypto+Data/AI+Defense+Energy+Logistics+Semiconductors,6,8,0.20656026828850665,2.0939851268591494,433,False
AI+Data/AI+FinTech+Robotics,4,9,0.20656026828850665,15.03508771929824,434,False
AI+Defense+FinTech+SaaS,4,9,0.20656026828850665,9.382309941520466,435,False
Data/AI+Defense+Quantum+Robotics+SaaS+Semiconductors,6,8,0.20656026828850665,2.2078740157480348,436,False
Crypto+Data/AI+Defense+FinTech+Quantum+Robotics+Semiconductors,7,11,0.21054738872794093,7.1684210526315795,437,False
AI+Crypto+Data/AI+Defense+Energy+Logistics+Robotics,7,11,0.21054738872794093,8.757142857142853,438,True
AI+Data/AI+Logistics,3,6,0.21054738872794093,6.500000000000005,439,False
AI+Logistics+Robotics+Semiconductors,4,6,0.21054738872794093,6.727777777777776,440,False
Data/AI+Defense+Energy+FinTech+Robotics+SaaS+Semiconductors,7,11,0.21054738872794093,7.1684210526315795,441,False
Crypto+Defense+Logistics+Semiconductors,4,5,0.21445615914857719,10.715748031496076,442,False
AI+Crypto+Defense+FinTech+Logistics+Quantum+Semiconductors,7,12,0.21445615914857719,9.027777777777779,443,False
AI+Data/AI+Energy+FinTech+Logistics+Robotics+Semiconductors,7,12,0.21445615914857719,24.41428571428571,444,False
AI+Defense+Energy+FinTech+Logistics+SaaS+Semiconductors,7,12,0.21445615914857719,9.027777777777779,445,False
AI+Crypto+Defense+Logistics+Quantum+Robotics+Semiconductors,7,10,0.21734276591726914,6.727777777777776,446,False
Data/AI+Defense+FinTech+Quantum+SaaS+Semiconductors,6,10,0.21734276591726914,10.80000000000001,447,False
AI+Defense+Energy+Logistics+Robotics+SaaS+Semiconductors,7,10,0.21734276591726914,6.727777777777776,448,False
Defense+FinTech+SaaS+Semiconductors,4,7,0.21734276591726914,12.913888888888897,449,False
AI+Data/AI+Defense+Energy+Logistics+SaaS,6,10,0.21734276591726914,6.500000000000005,450,True
AI+Crypto+Defense+Logistics,4,7,0.21734276591726914,8.913888888888893,451,False
AI+Crypto+Data/AI+Defense+Logistics+Quantum,6,10,0.21734276591726914,6.500000000000005,452,True
Data/AI+FinTech+Robotics+Semiconductors,4,7,0.21734276591726914,7.1684210526315795,453,False
AI+Crypto+Defense+Robotics+SaaS+Semiconductors,6,9,0.2205691374074209,9.382309941520466,454,False
AI+Crypto+Data/AI+Defense+SaaS,5,9,0.2205691374074209,9.268421052631581,455,True
AI+Data/AI+Logistics+Quantum+Robotics+Semiconductors,6,9,0.2205691374074209,5.566666666666658,456,False
AI+Defense+Logistics+Quantum+SaaS+Semiconductors,6,9,0.2205691374074209,8.913888888888893,457,False
Defense+FinTech+Logistics+Quantum+Semiconductors,5,8,0.2205691374074209,10.80000000000001,458,False
Data/AI+Defense+Energy+FinTech+Logistics,5,9,0.2205691374074209,6.700000000000006,459,False
Crypto+Defense+FinTech+Robotics+Semiconductors,5,8,0.2205691374074209,11.02777777777778,460,False
Crypto+Data/AI+Defense+FinTech,4,8,0.2205691374074209,10.80000000000001,461,False
Defense+Energy+FinTech+Logistics+Robotics+Semiconductors,6,9,0.2205691374074209,6.813888888888892,462,False
AI+Defense+Energy+Quantum+Robotics,5,8,0.2205691374074209,6.727777777777776,463,False
AI+Data/AI+Robotics+SaaS+Semiconductors,5,8,0.2205691374074209,7.4368421052631515,464,False
AI+Data/AI+Energy+Quantum+Semiconductors,5,8,0.2205691374074209,6.500000000000005,465,False
AI+Crypto+Defense+Energy+Quantum+Semiconductors,6,9,0.2205691374074209,8.913888888888893,466,False
AI,1,3,0.22470693251430085,8.913888888888893,467,False
AI+Defense+FinTech+Logistics+Quantum+Robotics,6,11,0.2253523632437745,14.680555555555552,468,False
Defense+Energy+Quantum+Robotics+Semiconductors,5,6,0.2253523632437745,2.2078740157480348,469,False
AI+Data/AI+FinTech+Logistics+Quantum+Semiconductors,6,11,0.2253523632437745,14.566666666666666,470,False
Data/AI+Defense+Energy+Quantum,4,6,0.2253523632437745,2.0939851268591494,471,False
AI+Crypto+Defense+FinTech+SaaS+Semiconductors,6,11,0.2253523632437745,9.382309941520466,472,False
Data/AI+Defense+Robotics+SaaS,4,6,0.2253523632437745,2.2078740157480348,473,False
AI+Crypto+Data/AI+FinTech+Robotics+Semiconductors,6,11,0.2253523632437745,15.03508771929824,474,False
AI+Quantum+Semiconductors,3,5,0.23016082003402727,8.913888888888893,475,False
AI+Crypto+Data/AI+Defense+Energy+Logistics+SaaS+Semiconductors,8,12,0.23016082003402727,6.500000000000005,476,True
AI+Data/AI+Defense+Energy+FinTech+Logistics+SaaS,7,13,0.23073408384480099,17.75714285714286,477,True
AI+Crypto+Defense+FinTech+Logistics+Quantum+Robotics+Semiconductors,8,13,0.23073408384480099,14.680555555555552,478,False
Defense+Energy+Robotics,3,4,0.23073408384480099,2.2078740157480348,479,False
Data/AI+Energy+Semiconductors,3,4,0.23073408384480099,10.086111111111112,480,False
AI+Defense+Energy+FinTech+Logistics+Robotics+SaaS+Semiconductors,8,13,0.23073408384480099,17.871031746031747,481,False
AI+Crypto+Data/AI+Defense+FinTech+Logistics+Quantum,7,13,0.23073408384480099,14.566666666666666,482,True
AI+Defense+FinTech+Robotics+SaaS,5,10,0.23197017685287258,9.736842105263154,483,False
Crypto+Data/AI+Defense+SaaS+Semiconductors,5,7,0.23197017685287258,10.715748031496076,484,False
AI+Defense+Energy+FinTech+Quantum,5,10,0.23197017685287258,9.027777777777779,485,False
AI+Data/AI+FinTech+SaaS+Semiconductors,5,10,0.23197017685287258,9.736842105263154,486,False
Data/AI+Defense+Logistics+Quantum+Robotics,5,7,0.23197017685287258,-6.500000000000005,487,False
AI+FinTech+Logistics+Semiconductors,4,8,0.23510713808203187,9.027777777777779,488,False
Data/AI+Defense+Energy+Logistics+SaaS+Semiconductors,6,8,0.23510713808203187,2.0939851268591494,489,False
Crypto+Data/AI+Defense+Logistics+Quantum+Semiconductors,6,8,0.23510713808203187,2.0939851268591494,490,False
Crypto+Data/AI+Defense+Energy+Logistics+Robotics+Semiconductors,7,9,0.23510713808203187,-6.500000000000005,491,False
AI+Energy+Robotics+Semiconductors,4,6,0.24072948055201387,6.727777777777776,492,False
AI+Crypto+Data/AI+Defense+Logistics+Quantum+Robotics,7,11,0.24072948055201387,5.566666666666658,493,True
AI+Data/AI+Defense+Energy+Logistics+Robotics+SaaS,7,11,0.24072948055201387,8.757142857142853,494,True
AI+Data/AI+Energy,3,6,0.24072948055201387,6.500000000000005,495,False
Defense+FinTech+Logistics,3,6,0.24072948055201387,10.80000000000001,496,False
Crypto+Data/AI+Defense+Energy+FinTech+Logistics+Semiconductors,7,11,0.24072948055201387,6.700000000000006,497,False
Data/AI+Defense+FinTech+Quantum+Robotics+SaaS+Semiconductors,7,11,0.24072948055201387,7.1684210526315795,498,False
AI+Data/AI+Defense+Energy+FinTech+Logistics+Robotics+SaaS,8,14,0.24404187599753596,24.41428571428571,499,True
AI+Crypto+Data/AI+Defense+FinTech+Logistics+Quantum+Robotics,8,14,0.24404187599753596,18.033333333333324,500,True
AI+Crypto+Defense+Energy+FinTech+Quantum+Semiconductors,7,12,0.24648888039374928,9.027777777777779,501,False
Defense+Logistics+SaaS+Semiconductors,4,5,0.24648888039374928,10.715748031496076,502,False
AI+Data/AI+FinTech+Logistics+Quantum+Robotics+Semiconductors,7,12,0.24648888039374928,18.033333333333324,503,False
Crypto+Defense+Energy+Semiconductors,4,5,0.24648888039374928,10.715748031496076,504,False
AI+Defense+FinTech+Logistics+Quantum+SaaS+Semiconductors,7,12,0.24648888039374928,9.027777777777779,505,False
Data/AI+Logistics+Robotics+Semiconductors,4,5,0.24648888039374928,-6.500000000000005,506,False
AI+Crypto+Data/AI+Defense+FinTech+SaaS,6,12,0.24648888039374928,9.736842105263154,507,True
AI+Crypto+Defense+FinTech+Robotics+SaaS+Semiconductors,7,12,0.24648888039374928,9.736842105263154,508,False
AI+Defense+Logistics+Quantum+Robotics+SaaS+Semiconductors,7,10,0.2471299927158846,6.727777777777776,509,False
Data/AI+Defense+Energy+FinTech+Logistics+Robotics,6,10,0.2471299927158846,0.20000000000000018,510,False
AI+Data/AI+Logistics+Robotics,4,7,0.2471299927158846,5.566666666666658,511,False
AI+Crypto+Defense+Energy+Quantum+Robotics+Semiconductors,7,10,0.2471299927158846,6.727777777777776,512,False
AI+Crypto+Defense+Energy,4,7,0.2471299927158846,8.913888888888893,513,False
AI+Crypto+Data/AI+Defense+Robotics+SaaS,6,10,0.2471299927158846,7.4368421052631515,514,True
AI+Crypto+Data/AI+Defense+Energy+Quantum,6,10,0.2471299927158846,6.500000000000005,515,True
AI+Defense+Logistics+SaaS,4,7,0.2471299927158846,8.913888888888893,516,False
AI+Data/AI+Defense+Logistics+Quantum+SaaS,6,10,0.2471299927158846,6.500000000000005,517,True
AI+Crypto+Data/AI+Defense+Energy+Logistics+Robotics+SaaS+Semiconductors,9,13,0.24832097360724714,8.757142857142853,518,True
Data/AI+Defense+FinTech+Logistics+Quantum,5,9,0.2501593367269672,6.700000000000006,519,False
Crypto+Data/AI+Defense+FinTech+Robotics,5,9,0.2501593367269672,7.1684210526315795,520,False
AI+Crypto+Data/AI+Logistics+Semiconductors,5,8,0.2501593367269672,6.500000000000005,521,False
Data/AI+Defense+FinTech+SaaS,4,8,0.2501593367269672,10.80000000000001,522,False
Defense+FinTech+Logistics+Quantum+Robotics+Semiconductors,6,9,0.2501593367269672,6.813888888888892,523,False
AI+Crypto+Defense+Logistics+Robotics,5,8,0.2501593367269672,6.727777777777776,524,False
AI+Defense+Energy+Quantum+SaaS+Semiconductors,6,9,0.2501593367269672,8.913888888888893,525,False
Defense+Energy+FinTech+Quantum+Semiconductors,5,8,0.2501593367269672,10.80000000000001,526,False
AI+Data/AI+Energy+Quantum+Robotics+Semiconductors,6,9,0.2501593367269672,0.2684210526315729,527,False
Defense+FinTech+Robotics+SaaS+Semiconductors,5,8,0.2501593367269672,11.02777777777778,528,False
Data/AI,1,2,0.25103643251045304,13.780140961857384,529,False
Robotics+Semiconductors,2,2,0.25103643251045304,10.2,530,False
AI+Crypto+Data/AI+Defense+FinTech+Logistics+Quantum+SaaS+Semiconductors,9,15,0.25103643251045304,14.566666666666666,531,True
Crypto+Defense+Logistics+Robotics+Semiconductors,5,6,0.2566605295470714,2.2078740157480348,532,False
AI+Data/AI+Energy+FinTech+Quantum+Semiconductors,6,11,0.2566605295470714,9.268421052631581,533,False
AI+Defense+Energy+FinTech+Quantum+Robotics,6,11,0.2566605295470714,9.382309941520466,534,False
AI+Data/AI+FinTech+Robotics+SaaS+Semiconductors,6,11,0.2566605295470714,15.03508771929824,535,False
Crypto+Data/AI+Defense+Logistics,4,6,0.2566605295470714,2.0939851268591494,536,False
AI+Crypto+Defense+FinTech+Logistics,5,10,0.2628041894109707,9.027777777777779,537,False
Data/AI+Defense+Energy+Quantum+Robotics,5,7,0.2628041894109707,-6.500000000000005,538,False
AI+Crypto+Data/AI+Defense+Logistics+Quantum+SaaS+Semiconductors,8,12,0.2634179487049291,6.500000000000005,539,True
Crypto+Data/AI+Defense+Energy+FinTech+Logistics+Robotics+Semiconductors,8,12,0.2634179487049291,0.20000000000000018,540,False
Data/AI+Defense+Logistics+Quantum+SaaS+Semiconductors,6,8,0.2657078492256636,2.0939851268591494,541,False
AI+Data/AI+FinTech+Logistics,4,9,0.2657078492256636,14.566666666666666,542,False
AI+FinTech+Logistics+Robotics+Semiconductors,5,9,0.2657078492256636,14.680555555555552,543,False
AI+Energy+FinTech+Semiconductors,4,8,0.2657078492256636,9.027777777777779,544,False
Crypto+Data/AI+Defense+Energy+Quantum+Semiconductors,6,8,0.2657078492256636,2.0939851268591494,545,False
Data/AI+Defense+Energy+Logistics+Robotics+SaaS+Semiconductors,7,9,0.2657078492256636,-6.500000000000005,546,False
Crypto+Data/AI+Defense+Robotics+SaaS+Semiconductors,6,8,0.2657078492256636,2.2078740157480348,547,False
Crypto+Data/AI+Defense+Logistics+Quantum+Robotics+Semiconductors,7,9,0.2657078492256636,-6.500000000000005,548,False
AI+Data/AI+Defense+FinTech+Logistics+Quantum+SaaS,7,13,0.2665981329770397,14.566666666666666,549,True
AI+Defense+FinTech+Logistics+Quantum+Robotics+SaaS+Semiconductors,8,13,0.2665981329770397,14.680555555555552,550,False
AI+Crypto+Data/AI+Defense+Energy+FinTech+Quantum,7,13,0.2665981329770397,9.268421052631581,551,True
AI+Crypto+Data/AI+Defense+FinTech+Robotics+SaaS,7,13,0.2665981329770397,15.03508771929824,552,True
Defense+Quantum+Robotics,3,4,0.2665981329770397,2.2078740157480348,553,False
AI+Crypto+Defense+Energy+FinTech+Quantum+Robotics+Semiconductors,8,13,0.2665981329770397,9.382309941520466,554,False
Data/AI+Quantum+Semiconductors,3,4,0.2665981329770397,10.086111111111112,555,False
AI+Data/AI+Defense+Logistics+Quantum+Robotics+SaaS,7,11,0.27312379578458873,5.566666666666658,556,True
Data/AI+Defense+Energy+FinTech+Logistics+SaaS+Semiconductors,7,11,0.27312379578458873,6.700000000000006,557,False
AI+Data/AI+Quantum,3,6,0.27312379578458873,6.500000000000005,558,False
Defense+Energy+FinTech,3,6,0.27312379578458873,10.80000000000001,559,False
Crypto+Data/AI+Defense+FinTech+Logistics+Quantum+Semiconductors,7,11,0.27312379578458873,6.700000000000006,560,False
AI+Quantum+Robotics+Semiconductors,4,6,0.27312379578458873,6.727777777777776,561,False
AI+Crypto+Data/AI+Defense+Energy+Quantum+Robotics,7,11,0.27312379578458873,0.2684210526315729,562,True
Data/AI+Defense+FinTech+Logistics+Quantum+Robotics,6,10,0.27897164069579705,0.20000000000000018,563,False
Crypto+Data/AI+Defense+FinTech+SaaS+Semiconductors,6,10,0.27897164069579705,10.80000000000001,564,False
AI+Data/AI+Defense+Energy+Quantum+SaaS,6,10,0.27897164069579705,6.500000000000005,565,True
AI+Defense+Energy+Quantum+Robotics+SaaS+Semiconductors,7,10,0.27897164069579705,6.727777777777776,566,False
Data/AI+FinTech+Logistics+Semiconductors,4,7,0.27897164069579705,6.700000000000006,567,False
AI+Data/AI+Energy+Robotics,4,7,0.27897164069579705,0.2684210526315729,568,False
AI+Crypto+Defense+Quantum,4,7,0.27897164069579705,8.913888888888893,569,False
Defense+FinTech+Logistics+Robotics,4,7,0.27897164069579705,6.813888888888892,570,False
AI+Defense+Energy+SaaS,4,7,0.27897164069579705,8.913888888888893,571,False
Crypto+Defense+Quantum+Semiconductors,4,5,0.2809214102124268,10.715748031496076,572,False
Defense+Energy+SaaS+Semiconductors,4,5,0.2809214102124268,10.715748031496076,573,False
AI+Data/AI+Energy+FinTech+Quantum+Robotics+Semiconductors,7,12,0.2809214102124268,7.4368421052631515,574,False
AI+Defense+Energy+FinTech+Quantum+SaaS+Semiconductors,7,12,0.2809214102124268,9.027777777777779,575,False
Data/AI+Energy+Robotics+Semiconductors,4,5,0.2809214102124268,-6.500000000000005,576,False
Crypto+Defense+FinTech+Logistics+Semiconductors,5,8,0.2817318664329316,10.80000000000001,577,False
AI+Data/AI+Logistics+SaaS+Semiconductors,5,8,0.2817318664329316,6.500000000000005,578,False
AI+Crypto+Data/AI+Energy+Semiconductors,5,8,0.2817318664329316,6.500000000000005,579,False
Data/AI+Defense+FinTech+Robotics+SaaS,5,9,0.2817318664329316,7.1684210526315795,580,False
AI+Crypto+Data/AI+Logistics+Robotics+Semiconductors,6,9,0.2817318664329316,5.566666666666658,581,False
AI+Defense+Logistics+Robotics+SaaS,5,8,0.2817318664329316,6.727777777777776,582,False
AI+Crypto+Defense+Energy+Robotics,5,8,0.2817318664329316,6.727777777777776,583,False
AI+Defense+Energy+Logistics+Quantum,5,8,0.2817318664329316,6.500000000000005,584,False
AI+Crypto+Defense+Logistics+SaaS+Semiconductors,6,9,0.2817318664329316,8.913888888888893,585,False
Data/AI+Defense+Energy+FinTech+Quantum,5,9,0.2817318664329316,6.700000000000006,586,False
Defense+Energy+FinTech+Quantum+Robotics+Semiconductors,6,9,0.2817318664329316,6.813888888888892,587,False
AI+Data/AI+Defense+FinTech+Logistics+Quantum+Robotics+SaaS,8,14,0.2852570827426548,18.033333333333324,588,True
Crypto+Defense,2,3,0.2852570827426548,10.715748031496076,589,False
AI+Crypto+Data/AI+Defense+Energy+FinTech+Quantum+Robotics,8,14,0.2852570827426548,7.4368421052631515,590,True
AI+Robotics,2,4,0.28553181378432113,6.727777777777776,591,False
AI+Crypto+Data/AI+Defense+Logistics+Quantum+Robotics+SaaS+Semiconductors,9,13,0.28553181378432113,5.566666666666658,592,True
Defense+Energy+Logistics+Quantum+Semiconductors,5,6,0.2900941072068656,1.7394529631164617,593,False
Crypto+Defense+Energy+Robotics+Semiconductors,5,6,0.2900941072068656,2.2078740157480348,594,False
Data/AI+Defense+Logistics+SaaS,4,6,0.2900941072068656,2.0939851268591494,595,False
Defense+Logistics+Robotics+SaaS+Semiconductors,5,6,0.2900941072068656,2.2078740157480348,596,False
Crypto+Data/AI+Defense+Energy,4,6,0.2900941072068656,2.0939851268591494,597,False
AI+Crypto+Defense+FinTech+Logistics+Robotics,6,11,0.2900941072068656,14.680555555555552,598,False
AI+Crypto+Data/AI+FinTech+Logistics+Semiconductors,6,11,0.2900941072068656,14.566666666666666,599,False
AI+Data/AI+FinTech+Logistics+Robotics,5,10,0.29560817010354556,18.033333333333324,600,False
AI+Defense+FinTech+Logistics+SaaS,5,10,0.29560817010354556,9.027777777777779,601,False
AI+Crypto+Defense+Energy+FinTech,5,10,0.29560817010354556,9.027777777777779,602,False
Crypto+Data/AI+Defense+Logistics+Robotics,5,7,0.29560817010354556,-6.500000000000005,603,False
AI+Energy+FinTech+Robotics+Semiconductors,5,9,0.29820770802572716,9.382309941520466,604,False
Data/AI+Defense+Energy+Quantum+SaaS+Semiconductors,6,8,0.29820770802572716,2.0939851268591494,605,False
AI+FinTech+Quantum+Semiconductors,4,8,0.29820770802572716,9.027777777777779,606,False
AI+Data/AI+Energy+FinTech,4,9,0.29820770802572716,9.268421052631581,607,False
Crypto+Data/AI+Defense+Energy+Quantum+Robotics+Semiconductors,7,9,0.29820770802572716,-6.500000000000005,608,False
Data/AI+Defense+Logistics+Quantum+Robotics+SaaS+Semiconductors,7,9,0.29820770802572716,-6.500000000000005,609,False
AI+Crypto+Semiconductors,3,5,0.29896850321262225,8.913888888888893,610,False
Data/AI+Defense+Energy+FinTech+Logistics+Robotics+SaaS+Semiconductors,8,12,0.29896850321262225,0.20000000000000018,611,False
AI+Crypto+Data/AI+Defense+Energy+Quantum+SaaS+Semiconductors,8,12,0.29896850321262225,6.500000000000005,612,True
Crypto+Data/AI+Defense+FinTech+Logistics+Quantum+Robotics+Semiconductors,8,12,0.29896850321262225,0.20000000000000018,613,False
AI+Crypto+Data/AI+Defense+Energy+FinTech+Quantum+SaaS+Semiconductors,9,15,0.3008110792851487,9.268421052631581,614,True
AI+Data/AI+Defense+Energy+FinTech+Quantum+SaaS,7,13,0.3050827743204003,9.268421052631581,615,True
AI+Defense+Energy+FinTech+Quantum+Robotics+SaaS+Semiconductors,8,13,0.3050827743204003,9.382309941520466,616,False
Defense+Energy+Logistics,3,4,0.3050827743204003,1.7394529631164617,617,False
AI+Energy+Logistics+Semiconductors,4,6,0.30754291686842816,6.500000000000005,618,False
Data/AI+Defense+FinTech+Logistics+Quantum+SaaS+Semiconductors,7,11,0.30754291686842816,6.700000000000006,619,False
AI+Data/AI+Defense+Energy+Quantum+Robotics+SaaS,7,11,0.30754291686842816,0.2684210526315729,620,True
Crypto+Data/AI+Defense+FinTech+Robotics+SaaS+Semiconductors,7,11,0.30754291686842816,7.1684210526315795,621,False
Crypto+Data/AI+Defense+Energy+FinTech+Quantum+Semiconductors,7,11,0.30754291686842816,6.700000000000006,622,False
Defense+FinTech+Quantum,3,6,0.30754291686842816,10.80000000000001,623,False
AI+Defense+Quantum+SaaS,4,7,0.31268663397979884,8.913888888888893,624,False
Data/AI+Energy+FinTech+Semiconductors,4,7,0.31268663397979884,6.700000000000006,625,False
AI+Crypto+Defense+Logistics+Robotics+SaaS+Semiconductors,7,10,0.31268663397979884,6.727777777777776,626,False
Data/AI+Defense+Energy+FinTech+Quantum+Robotics,6,10,0.31268663397979884,0.20000000000000018,627,False
AI+Crypto+Defense+Energy+Logistics+Quantum+Semiconductors,7,10,0.31268663397979884,6.500000000000005,628,False
AI+Data/AI+Quantum+Robotics,4,7,0.31268663397979884,0.2684210526315729,629,False
Defense+Energy+FinTech+Robotics,4,7,0.31268663397979884,6.813888888888892,630,False
AI+Crypto+Data/AI+Defense+Logistics+SaaS,6,10,0.31268663397979884,6.500000000000005,631,True
AI+Crypto+Defense+Energy+SaaS+Semiconductors,6,9,0.31510890496963784,8.913888888888893,632,False
AI+Crypto+Data/AI+Energy+Robotics+Semiconductors,6,9,0.31510890496963784,0.2684210526315729,633,False
AI+Defense+Energy+Logistics+Quantum+Robotics,6,9,0.31510890496963784,-0.0861111111111148,634,False
AI+Defense+Energy+Robotics+SaaS,5,8,0.31510890496963784,6.727777777777776,635,False
AI+Data/AI+Energy+Logistics+Quantum+Semiconductors,6,9,0.31510890496963784,-0.20000000000000018,636,False
Crypto+Defense+Energy+FinTech+Semiconductors,5,8,0.31510890496963784,10.80000000000001,637,False
Defense+FinTech+Logistics+SaaS+Semiconductors,5,8,0.31510890496963784,10.80000000000001,638,False
Data/AI+FinTech+Logistics+Robotics+Semiconductors,5,8,0.31510890496963784,0.20000000000000018,639,False
AI+Data/AI+Energy+SaaS+Semiconductors,5,8,0.31510890496963784,6.500000000000005,640,False
Crypto+Data/AI+Defense+FinTech+Logistics,5,9,0.31510890496963784,6.700000000000006,641,False
AI+Data/AI+Logistics+Robotics+SaaS+Semiconductors,6,9,0.31510890496963784,5.566666666666658,642,False
AI+Crypto+Defense+Quantum+Robotics,5,8,0.31510890496963784,6.727777777777776,643,False
Crypto+Defense+FinTech+Logistics+Robotics+Semiconductors,6,9,0.31510890496963784,6.813888888888892,644,False
AI+Crypto+Data/AI+Quantum+Semiconductors,5,8,0.31510890496963784,6.500000000000005,645,False
AI+Crypto+Data/AI+FinTech+Logistics+Robotics+Semiconductors,7,12,0.3175244447258673,18.033333333333324,646,False
Data/AI+Quantum+Robotics+Semiconductors,4,5,0.3175244447258673,-6.500000000000005,647,False
Defense+Quantum+SaaS+Semiconductors,4,5,0.3175244447258673,10.715748031496076,648,False
AI+Crypto+Defense+FinTech+Logistics+SaaS+Semiconductors,7,12,0.3175244447258673,9.027777777777779,649,False
AI+Crypto+Data/AI+Defense+Energy+Quantum+Robotics+SaaS+Semiconductors,9,13,0.32520647467940245,0.2684210526315729,650,True
FinTech+Semiconductors,2,4,0.32520647467940245,10.80000000000001,651,False
AI+Crypto+Data/AI+Energy+FinTech+Semiconductors,6,11,0.3254384227884579,9.268421052631581,652,False
AI+Defense+Energy+FinTech+Logistics+Quantum,6,11,0.3254384227884579,8.913888888888893,653,False
Crypto+Defense+Quantum+Robotics+Semiconductors,5,6,0.3254384227884579,2.2078740157480348,654,False
AI+Defense+FinTech+Logistics+Robotics+SaaS,6,11,0.3254384227884579,14.680555555555552,655,False
AI+Data/AI+FinTech+Logistics+SaaS+Semiconductors,6,11,0.3254384227884579,14.566666666666666,656,False
AI+Crypto+Defense+Energy+FinTech+Robotics,6,11,0.3254384227884579,9.382309941520466,657,False
AI+FinTech,2,6,0.3254384227884579,9.027777777777779,658,False
Defense+Energy+Robotics+SaaS+Semiconductors,5,6,0.3254384227884579,2.2078740157480348,659,False
Crypto+Data/AI+Defense+Quantum,4,6,0.3254384227884579,2.0939851268591494,660,False
Data/AI+Defense+Energy+SaaS,4,6,0.3254384227884579,2.0939851268591494,661,False
Data/AI+Robotics,2,3,0.32952361189834434,-6.500000000000005,662,False
Defense+SaaS,2,3,0.32952361189834434,10.715748031496076,663,False
AI+Data/AI+Defense+Energy+FinTech+Quantum+Robotics+SaaS,8,14,0.32952361189834434,7.4368421052631515,664,True
Crypto+Data/AI+Defense+Energy+Robotics,5,7,0.33017703557153594,-6.500000000000005,665,False
AI+Defense+Energy+FinTech+SaaS,5,10,0.33017703557153594,9.027777777777779,666,False
Data/AI+Defense+Logistics+Robotics+SaaS,5,7,0.33017703557153594,-6.500000000000005,667,False
Defense+Energy+Logistics+Quantum+Robotics+Semiconductors,6,7,0.33017703557153594,-6.500000000000005,668,False
AI+Crypto+Defense+FinTech+Quantum,5,10,0.33017703557153594,9.027777777777779,669,False
Data/AI+Defense+Energy+Logistics+Quantum,5,7,0.33017703557153594,-6.727777777777776,670,False
AI+Data/AI+Energy+FinTech+Robotics,5,10,0.33017703557153594,7.4368421052631515,671,False
Data/AI+Defense+Energy+Quantum+Robotics+SaaS+Semiconductors,7,9,0.33240631047387303,-6.500000000000005,672,False
Crypto+Data/AI+Defense+Logistics+SaaS+Semiconductors,6,8,0.33240631047387303,2.0939851268591494,673,False
AI+Data/AI+FinTech+Quantum,4,9,0.33240631047387303,9.268421052631581,674,False
AI+FinTech+Quantum+Robotics+Semiconductors,5,9,0.33240631047387303,9.382309941520466,675,False
Crypto+Data/AI+Defense+Energy+FinTech+Quantum+Robotics+Semiconductors,8,12,0.33655060538956794,0.20000000000000018,676,False
Data/AI+Defense+FinTech+Logistics+Quantum+Robotics+SaaS+Semiconductors,8,12,0.33655060538956794,0.20000000000000018,677,False
AI+SaaS+Semiconductors,3,5,0.33655060538956794,8.913888888888893,678,False
AI+Crypto+Robotics+Semiconductors,4,6,0.3437457244905482,6.727777777777776,679,False
AI+Crypto+Defense+Energy+Logistics+Quantum+Robotics+Semiconductors,8,11,0.3437457244905482,-0.0861111111111148,680,False
AI+Crypto+Data/AI+Defense+Logistics+Robotics+SaaS,7,11,0.3437457244905482,5.566666666666658,681,True
AI+Logistics+Quantum+Semiconductors,4,6,0.3437457244905482,6.500000000000005,682,False
AI+Crypto+Data/AI+Defense+Energy+Logistics+Quantum,7,11,0.3437457244905482,-0.20000000000000018,683,True
Data/AI+Defense+Energy+FinTech+Quantum+SaaS+Semiconductors,7,11,0.3437457244905482,6.700000000000006,684,False
AI+Crypto+Data/AI,3,6,0.3437457244905482,6.500000000000005,685,False
Crypto+Defense+Robotics,3,4,0.34585334738759194,2.2078740157480348,686,False
AI+Crypto+Defense+Energy+FinTech+Logistics+Quantum+Semiconductors,8,13,0.34585334738759194,8.913888888888893,687,False
Crypto+Data/AI+Semiconductors,3,4,0.34585334738759194,10.086111111111112,688,False
AI+Crypto+Data/AI+Defense+FinTech+Logistics+SaaS,7,13,0.34585334738759194,14.566666666666666,689,True
AI+Crypto+Defense+FinTech+Logistics+Robotics+SaaS+Semiconductors,8,13,0.34585334738759194,14.680555555555552,690,False
Defense+Logistics+Quantum,3,4,0.34585334738759194,1.7394529631164617,691,False
Defense+FinTech+Quantum+Robotics,4,7,0.3480466696548761,6.813888888888892,692,False
Data/AI+FinTech+Quantum+Semiconductors,4,7,0.3480466696548761,6.700000000000006,693,False
AI+Energy+Logistics+Robotics+Semiconductors,5,7,0.3480466696548761,-0.0861111111111148,694,False
AI+Data/AI+Energy+Logistics,4,7,0.3480466696548761,-0.20000000000000018,695,False
AI+Crypto+Defense+Energy+Robotics+SaaS+Semiconductors,7,10,0.3480466696548761,6.727777777777776,696,False
AI+Crypto+Data/AI+Defense+Energy+SaaS,6,10,0.3480466696548761,6.500000000000005,697,True
Crypto+Data/AI+Defense+FinTech+Logistics+Robotics,6,10,0.3480466696548761,0.20000000000000018,698,False
AI+Defense+Energy+Logistics+Quantum+SaaS+Semiconductors,7,10,0.3480466696548761,6.500000000000005,699,False
AI+Data/AI+Energy+Logistics+Quantum+Robotics+Semiconductors,7,10,0.3480466696548761,-6.700000000000006,700,False
AI+Crypto+Defense+Energy+Logistics,5,8,0.3500682389033404,6.500000000000005,701,False
AI+Defense+Quantum+Robotics+SaaS,5,8,0.3500682389033404,6.727777777777776,702,False
AI+Data/AI+Quantum+SaaS+Semiconductors,5,8,0.3500682389033404,6.500000000000005,703,False
Crypto+Defense+FinTech+Quantum+Semiconductors,5,8,0.3500682389033404,10.80000000000001,704,False
AI+Data/AI+Energy+Robotics+SaaS+Semiconductors,6,9,0.3500682389033404,0.2684210526315729,705,False
Defense+Energy+FinTech+Logistics+Quantum+Semiconductors,6,9,0.3500682389033404,6.700000000000006,706,False
Data/AI+Energy+FinTech+Robotics+Semiconductors,5,8,0.3500682389033404,0.20000000000000018,707,False
Crypto+Defense+Energy+FinTech+Robotics+Semiconductors,6,9,0.3500682389033404,6.813888888888892,708,False
AI+Crypto+Defense+Quantum+SaaS+Semiconductors,6,9,0.3500682389033404,8.913888888888893,709,False
Crypto+Data/AI+Defense+Energy+FinTech,5,9,0.3500682389033404,6.700000000000006,710,False
AI+Crypto+Data/AI+Quantum+Robotics+Semiconductors,6,9,0.3500682389033404,0.2684210526315729,711,False
Defense+FinTech+Logistics+Robotics+SaaS+Semiconductors,6,9,0.3500682389033404,6.813888888888892,712,False
Defense+Energy+FinTech+SaaS+Semiconductors,5,8,0.3500682389033404,10.80000000000001,713,False
Data/AI+Defense+FinTech+Logistics+SaaS,5,9,0.3500682389033404,6.700000000000006,714,False
Logistics+Semiconductors,2,2,0.35460899362174225,9.731578947368426,715,False
AI+Defense+Energy+FinTech+Logistics+Quantum+Robotics,7,12,0.3560047325673825,6.727777777777776,716,False
Data/AI+Energy+Logistics+Semiconductors,4,5,0.3560047325673825,-6.727777777777776,717,False
AI+Crypto+Defense+Energy+FinTech+SaaS+Semiconductors,7,12,0.3560047325673825,9.027777777777779,718,False
AI+Crypto+Data/AI+Energy+FinTech+Robotics+Semiconductors,7,12,0.3560047325673825,7.4368421052631515,719,False
AI+Data/AI+FinTech+Logistics+Robotics+SaaS+Semiconductors,7,12,0.3560047325673825,18.033333333333324,720,False
Defense+Energy+Logistics+Robotics,4,5,0.3560047325673825,-6.500000000000005,721,False
AI+Data/AI+Energy+FinTech+Logistics+Quantum+Semiconductors,7,12,0.3560047325673825,6.500000000000005,722,False
AI+Crypto+Data/AI+FinTech+Quantum+Semiconductors,6,11,0.3624270152151846,9.268421052631581,723,False
AI+Data/AI+Energy+FinTech+SaaS+Semiconductors,6,11,0.3624270152151846,9.268421052631581,724,False
Data/AI+Defense+Quantum+SaaS,4,6,0.3624270152151846,2.0939851268591494,725,False
Crypto+Defense+Energy+Logistics+Semiconductors,5,6,0.3624270152151846,1.7394529631164617,726,False
AI+Defense+Energy+FinTech+Robotics+SaaS,6,11,0.3624270152151846,9.382309941520466,727,False
AI+Crypto+Defense+FinTech+Quantum+Robotics,6,11,0.3624270152151846,9.382309941520466,728,False
Defense+Quantum+Robotics+SaaS+Semiconductors,5,6,0.3624270152151846,2.2078740157480348,729,False
AI+Defense+FinTech+Quantum+SaaS,5,10,0.36626029673323945,9.027777777777779,730,False
Data/AI+Defense+Energy+Robotics+SaaS,5,7,0.36626029673323945,-6.500000000000005,731,False
AI+Data/AI+FinTech+Quantum+Robotics,5,10,0.36626029673323945,7.4368421052631515,732,False
Crypto+Data/AI+Defense+Quantum+Robotics,5,7,0.36626029673323945,-6.500000000000005,733,False
AI+FinTech+Robotics,3,7,0.36626029673323945,9.382309941520466,734,False
AI+Logistics,2,4,0.36696914125217056,6.500000000000005,735,False
Crypto+Data/AI+Defense+Energy+SaaS+Semiconductors,6,8,0.3680606317099872,2.0939851268591494,736,False
Crypto+Data/AI+Defense+Energy+Logistics+Quantum+Semiconductors,7,9,0.3680606317099872,-6.727777777777776,737,False
Data/AI+Defense+Energy+Logistics+Quantum+Robotics,6,8,0.3680606317099872,-8.913888888888893,738,False
AI+Crypto+FinTech+Semiconductors,4,8,0.3680606317099872,9.027777777777779,739,False
AI+Energy+FinTech+Logistics+Semiconductors,5,9,0.3680606317099872,8.913888888888893,740,False
Crypto+Data/AI+Defense+Logistics+Robotics+SaaS+Semiconductors,7,9,0.3680606317099872,-6.500000000000005,741,False
Data/AI+FinTech,2,5,0.3758412198285215,6.700000000000006,742,False
AI+Crypto+Data/AI+Defense+Energy+Logistics+Quantum+Robotics,8,12,0.3758412198285215,-6.700000000000006,743,True
FinTech+Robotics+Semiconductors,3,5,0.3758412198285215,6.813888888888892,744,False
Data/AI+Defense+Energy+FinTech+Quantum+Robotics+SaaS+Semiconductors,8,12,0.3758412198285215,0.20000000000000018,745,False
AI+Crypto+Defense+Energy+FinTech+Logistics+Quantum+Robotics+Semiconductors,9,14,0.3763187326519243,6.727777777777776,746,False
AI+Crypto+Data/AI+Defense+FinTech+Logistics+Robotics+SaaS,8,14,0.3763187326519243,18.033333333333324,747,True
AI+Crypto+Data/AI+Defense+Energy+FinTech+Logistics+Quantum,8,14,0.3763187326519243,6.500000000000005,748,True
AI+Crypto+Data/AI+Defense+Energy+Robotics+SaaS,7,11,0.3814418082179724,0.2684210526315729,749,True
AI+Defense+Energy+Logistics+Quantum+Robotics+SaaS+Semiconductors,8,11,0.3814418082179724,-0.0861111111111148,750,False
Crypto+Data/AI+Defense+FinTech+Logistics+SaaS+Semiconductors,7,11,0.3814418082179724,6.700000000000006,751,False
Crypto+Defense+FinTech,3,6,0.3814418082179724,10.80000000000001,752,False
AI+Data/AI+SaaS,3,6,0.3814418082179724,6.500000000000005,753,False
AI+Robotics+SaaS+Semiconductors,4,6,0.3814418082179724,6.727777777777776,754,False
AI+Energy+Quantum+Semiconductors,4,6,0.3814418082179724,6.500000000000005,755,False
AI+Data/AI+Defense+Energy+Logistics+Quantum+SaaS,7,11,0.3814418082179724,-0.20000000000000018,756,True
AI+Data/AI+Logistics+Quantum,4,7,0.3847803453874309,-0.20000000000000018,757,False
Defense+Energy+FinTech+Logistics+Quantum+Robotics+Semiconductors,7,10,0.3847803453874309,0.20000000000000018,758,False
AI+Logistics+Quantum+Robotics+Semiconductors,5,7,0.3847803453874309,-0.0861111111111148,759,False
AI+Crypto+Defense+Quantum+Robotics+SaaS+Semiconductors,7,10,0.3847803453874309,6.727777777777776,760,False
AI+Crypto+Defense+SaaS,4,7,0.3847803453874309,8.913888888888893,761,False
AI+Crypto+Data/AI+Robotics,4,7,0.3847803453874309,0.2684210526315729,762,False
AI+Crypto+Data/AI+Defense+Quantum+SaaS,6,10,0.3847803453874309,6.500000000000005,763,True
Crypto+Data/AI+Defense+Energy+FinTech+Robotics,6,10,0.3847803453874309,0.20000000000000018,764,False
Data/AI+Defense+FinTech+Logistics+Robotics+SaaS,6,10,0.3847803453874309,0.20000000000000018,765,False
Defense+Energy+FinTech+Logistics,4,7,0.3847803453874309,6.700000000000006,766,False
Data/AI+Defense+Energy+FinTech+Logistics+Quantum,6,10,0.3847803453874309,0.0861111111111148,767,False
Crypto+Data/AI+Defense+FinTech+Quantum,5,9,0.38634724904454343,6.700000000000006,768,False
AI+Crypto+Defense+Energy+Logistics+Robotics,6,9,0.38634724904454343,-0.0861111111111148,769,False
AI+Defense+Energy+Logistics+SaaS,5,8,0.38634724904454343,6.500000000000005,770,False
Defense+FinTech+Quantum+SaaS+Semiconductors,5,8,0.38634724904454343,10.80000000000001,771,False
AI+Data/AI+Quantum+Robotics+SaaS+Semiconductors,6,9,0.38634724904454343,0.2684210526315729,772,False
AI+Data/AI+Energy+Logistics+Robotics,5,8,0.38634724904454343,-6.700000000000006,773,False
Defense+Energy+FinTech+Robotics+SaaS+Semiconductors,6,9,0.38634724904454343,6.813888888888892,774,False
AI+Crypto+Defense+Logistics+Quantum,5,8,0.38634724904454343,6.500000000000005,775,False
Crypto+Defense+FinTech+Quantum+Robotics+Semiconductors,6,9,0.38634724904454343,6.813888888888892,776,False
AI+Crypto+Data/AI+Energy+Logistics+Semiconductors,6,9,0.38634724904454343,-0.20000000000000018,777,False
Data/AI+Defense+Energy+FinTech+SaaS,5,9,0.38634724904454343,6.700000000000006,778,False
Data/AI+FinTech+Quantum+Robotics+Semiconductors,5,8,0.38634724904454343,0.20000000000000018,779,False
AI+Crypto+Defense+Energy+FinTech+Robotics+SaaS+Semiconductors,8,13,0.3884953348758905,9.382309941520466,780,False
AI+Crypto+Data/AI+Defense+Energy+FinTech+SaaS,7,13,0.3884953348758905,9.268421052631581,781,True
AI+Defense+Energy+FinTech+Logistics+Quantum+SaaS+Semiconductors,8,13,0.3884953348758905,8.913888888888893,782,False
Defense+Robotics+SaaS,3,4,0.3884953348758905,2.2078740157480348,783,False
Defense+Energy+Quantum,3,4,0.3884953348758905,-3.5587926509186234,784,False
Data/AI+SaaS+Semiconductors,3,4,0.3884953348758905,10.086111111111112,785,False
AI+Data/AI+Energy+FinTech+Logistics+Quantum+Robotics+Semiconductors,8,13,0.3884953348758905,13.567125984251959,786,False
AI+Data/AI+Energy+FinTech+Robotics+SaaS+Semiconductors,7,12,0.39601142012342017,7.4368421052631515,787,False
Defense+Logistics+Quantum+Robotics,4,5,0.39601142012342017,-6.500000000000005,788,False
Data/AI+Logistics+Quantum+Semiconductors,4,5,0.39601142012342017,-6.727777777777776,789,False
Crypto+Data/AI+Robotics+Semiconductors,4,5,0.39601142012342017,-6.500000000000005,790,False
AI+Crypto+Defense+FinTech+Quantum+SaaS+Semiconductors,7,12,0.39601142012342017,9.027777777777779,791,False
Crypto+Defense+SaaS+Semiconductors,4,5,0.39601142012342017,10.715748031496076,792,False
AI+Crypto+Data/AI+FinTech+Quantum+Robotics+Semiconductors,7,12,0.39601142012342017,7.4368421052631515,793,False
AI+Data/AI+FinTech+Quantum+SaaS+Semiconductors,6,11,0.4007471950086968,9.268421052631581,794,False
Defense+Energy+Logistics+SaaS+Semiconductors,5,6,0.4007471950086968,1.7394529631164617,795,False
Data/AI+Energy+Logistics+Robotics+Semiconductors,5,6,0.4007471950086968,-8.913888888888893,796,False
AI+Defense+FinTech+Quantum+Robotics+SaaS,6,11,0.4007471950086968,9.382309941520466,797,False
AI+Crypto+Defense+Energy+FinTech+Logistics,6,11,0.4007471950086968,8.913888888888893,798,False
Crypto+Defense+Logistics+Quantum+Semiconductors,5,6,0.4007471950086968,1.7394529631164617,799,False
AI+Energy+FinTech+Logistics+Robotics+Semiconductors,6,10,0.40356714092254903,6.727777777777776,800,False
Data/AI+Defense+Quantum+Robotics+SaaS,5,7,0.40356714092254903,-6.500000000000005,801,False
Crypto+Data/AI+Defense+Energy+Logistics,5,7,0.40356714092254903,-6.727777777777776,802,False
Crypto+Defense+Energy+Logistics+Robotics+Semiconductors,6,7,0.40356714092254903,-6.500000000000005,803,False
Crypto+Data/AI+Defense+Energy+Logistics+Quantum+Robotics+Semiconductors,8,10,0.40356714092254903,-8.913888888888893,804,False
AI+Data/AI+Energy+FinTech+Logistics,5,10,0.40356714092254903,6.500000000000005,805,False
Data/AI+Defense+Energy+Logistics+Quantum+SaaS+Semiconductors,7,9,0.4048898853217362,-6.727777777777776,806,False
AI+Crypto+Data/AI+FinTech,4,9,0.4048898853217362,9.268421052631581,807,False
AI+Crypto+FinTech+Robotics+Semiconductors,5,9,0.4048898853217362,9.382309941520466,808,False
Crypto+Data/AI+Defense+Energy+Robotics+SaaS+Semiconductors,7,9,0.4048898853217362,-6.500000000000005,809,False
Crypto+Data/AI+Defense+Quantum+SaaS+Semiconductors,6,8,0.4048898853217362,2.0939851268591494,810,False
AI+FinTech+SaaS+Semiconductors,4,8,0.4048898853217362,9.027777777777779,811,False
AI+FinTech+Logistics+Quantum+Semiconductors,5,9,0.4048898853217362,8.913888888888893,812,False
AI+Crypto+Data/AI+Defense+Energy+Logistics+Quantum+SaaS+Semiconductors,9,13,0.4103696148379489,-0.20000000000000018,813,True
AI+Energy,2,4,0.4103696148379489,6.500000000000005,814,False
Energy+Semiconductors,2,2,0.4114782775594318,4.43333333333334,815,False
AI+Crypto+Data/AI+Defense+Energy+FinTech+Logistics+Quantum+Robotics,9,15,0.4114782775594318,7.854545454545451,816,True
AI+Logistics+Robotics,3,5,0.41646399918706284,-0.0861111111111148,817,False
Crypto+Data/AI+Defense+FinTech+Logistics+Robotics+SaaS+Semiconductors,8,12,0.41646399918706284,0.20000000000000018,818,False
AI+Data/AI+Defense+Energy+Logistics+Quantum+Robotics+SaaS,8,12,0.41646399918706284,-6.700000000000006,819,True
Crypto+Data/AI+Defense+Energy+FinTech+Logistics+Quantum+Semiconductors,8,12,0.41646399918706284,0.0861111111111148,820,False
Data/AI+Defense+Energy+FinTech+Logistics+Quantum+Robotics,7,11,0.42029813285450923,-6.500000000000005,821,False
AI+Crypto+Logistics+Semiconductors,4,6,0.42029813285450923,6.500000000000005,822,False
Crypto+Data/AI+Defense+Energy+FinTech+SaaS+Semiconductors,7,11,0.42029813285450923,6.700000000000006,823,False
Defense+FinTech+SaaS,3,6,0.42029813285450923,10.80000000000001,824,False
AI+Crypto+Data/AI+Defense+Quantum+Robotics+SaaS,7,11,0.42029813285450923,0.2684210526315729,825,True
Data/AI+FinTech+Robotics,3,6,0.42029813285450923,0.20000000000000018,826,False
Defense+FinTech+Logistics+Quantum,4,7,0.42257915804227975,6.700000000000006,827,False
Crypto+Data/AI+FinTech+Semiconductors,4,7,0.42257915804227975,6.700000000000006,828,False
Crypto+Data/AI+Defense+FinTech+Quantum+Robotics,6,10,0.42257915804227975,0.20000000000000018,829,False
AI+Data/AI+Robotics+SaaS,4,7,0.42257915804227975,0.2684210526315729,830,False
Data/AI+Defense+Energy+FinTech+Robotics+SaaS,6,10,0.42257915804227975,0.20000000000000018,831,False
Crypto+Defense+FinTech+Robotics,4,7,0.42257915804227975,6.813888888888892,832,False
AI+Crypto+Data/AI+Energy+Logistics+Robotics+Semiconductors,7,10,0.42257915804227975,-6.700000000000006,833,False
AI+Data/AI+Energy+Quantum,4,7,0.42257915804227975,-0.20000000000000018,834,False
AI+Energy+Quantum+Robotics+Semiconductors,5,7,0.42257915804227975,-0.0861111111111148,835,False
AI+Crypto+Defense+Energy+Logistics+SaaS+Semiconductors,7,10,0.42257915804227975,6.500000000000005,836,False
AI+Data/AI+Logistics+Quantum+Robotics,5,8,0.4236486066444851,-6.700000000000006,837,False
AI+Defense+Energy+Logistics+Robotics+SaaS,6,9,0.4236486066444851,-0.0861111111111148,838,False
Data/AI+Energy+FinTech+Logistics+Semiconductors,5,8,0.4236486066444851,0.0861111111111148,839,False
Crypto+Defense+Energy+FinTech+Logistics+Semiconductors,6,9,0.4236486066444851,6.700000000000006,840,False
Data/AI+Defense+FinTech+Quantum+SaaS,5,9,0.4236486066444851,6.700000000000006,841,False
Defense+Energy+FinTech+Logistics+Robotics,5,8,0.4236486066444851,0.20000000000000018,842,False
AI+Crypto+Defense+Logistics+Quantum+Robotics,6,9,0.4236486066444851,-0.0861111111111148,843,False
AI+Crypto+Defense+Robotics+SaaS,5,8,0.4236486066444851,6.727777777777776,844,False
Defense+FinTech+Quantum+Robotics+SaaS+Semiconductors,6,9,0.4236486066444851,6.813888888888892,845,False
AI+Crypto+Data/AI+Logistics+Quantum+Semiconductors,6,9,0.4236486066444851,-0.20000000000000018,846,False
AI+Crypto+Defense+Energy+Quantum,5,8,0.4236486066444851,6.500000000000005,847,False
AI+Defense+Logistics+Quantum+SaaS,5,8,0.4236486066444851,6.500000000000005,848,False
AI+Crypto+Data/AI+SaaS+Semiconductors,5,8,0.4236486066444851,6.500000000000005,849,False
AI+Data/AI+Energy+Logistics+SaaS+Semiconductors,6,9,0.4236486066444851,-0.20000000000000018,850,False
AI+Crypto+Data/AI+Defense+Energy+FinTech+Robotics+SaaS,8,14,0.4250079492406592,7.4368421052631515,851,True
AI+Defense+Energy+FinTech+Logistics+Quantum+Robotics+SaaS+Semiconductors,9,14,0.4250079492406592,6.727777777777776,852,False
Logistics+Robotics+Semiconductors,3,3,0.4250079492406592,-6.500000000000005,853,False
AI+Data/AI+Defense+Energy+FinTech+Logistics+Quantum+SaaS,8,14,0.4250079492406592,6.500000000000005,854,True
Data/AI+Logistics,2,3,0.4250079492406592,-6.727777777777776,855,False
AI+Crypto+Defense+FinTech+Quantum+Robotics+SaaS+Semiconductors,8,13,0.4325264121738015,9.382309941520466,856,False
AI+Crypto+Data/AI+Defense+FinTech+Quantum+SaaS,7,13,0.4325264121738015,9.268421052631581,857,True
Crypto+Defense+Logistics,3,4,0.4325264121738015,1.7394529631164617,858,False
Data/AI+Energy+Quantum+Semiconductors,4,5,0.43714532495749725,-6.727777777777776,859,False
Data/AI+Robotics+SaaS+Semiconductors,4,5,0.43714532495749725,-6.500000000000005,860,False
AI+Crypto+Defense+Energy+FinTech+Logistics+Robotics,7,12,0.43714532495749725,6.727777777777776,861,False
AI+Crypto+Data/AI+Energy+FinTech+Logistics+Semiconductors,7,12,0.43714532495749725,6.500000000000005,862,False
Defense+Energy+Quantum+Robotics,4,5,0.43714532495749725,-6.500000000000005,863,False
AI+Data/AI+FinTech+Quantum+Robotics+SaaS+Semiconductors,7,12,0.43714532495749725,7.4368421052631515,864,False
AI+Crypto+Defense+FinTech+Logistics+Quantum,6,11,0.44004775837624044,8.913888888888893,865,False
Defense+Logistics+Quantum+SaaS+Semiconductors,5,6,0.44004775837624044,1.7394529631164617,866,False
Crypto+Defense+Energy+Quantum+Semiconductors,5,6,0.44004775837624044,-3.5587926509186234,867,False
AI+Defense+Energy+FinTech+Logistics+SaaS,6,11,0.44004775837624044,8.913888888888893,868,False
Crypto+Data/AI+Defense+SaaS,4,6,0.44004775837624044,2.0939851268591494,869,False
Crypto+Defense+Robotics+SaaS+Semiconductors,5,6,0.44004775837624044,2.2078740157480348,870,False
AI+Data/AI+Energy+FinTech+Logistics+Robotics,6,11,0.44004775837624044,6.749268841394817,871,False
Data/AI+Logistics+Quantum+Robotics+Semiconductors,5,6,0.44004775837624044,-8.913888888888893,872,False
Crypto+Data/AI+Defense+Logistics+Quantum,5,7,0.4417732948974082,-6.727777777777776,873,False
Defense+Energy+Logistics+Robotics+SaaS+Semiconductors,6,7,0.4417732948974082,-6.500000000000005,874,False
Data/AI+Defense+Energy+Logistics+SaaS,5,7,0.4417732948974082,-6.727777777777776,875,False
Crypto+Defense+Logistics+Quantum+Robotics+Semiconductors,6,7,0.4417732948974082,-6.500000000000005,876,False
AI+FinTech+Logistics+Quantum+Robotics+Semiconductors,6,10,0.4417732948974082,6.727777777777776,877,False
Data/AI+Defense+Energy+Logistics+Quantum+Robotics+SaaS+Semiconductors,8,10,0.4417732948974082,-8.913888888888893,878,False
AI+Data/AI+FinTech+Logistics+Quantum,5,10,0.4417732948974082,6.500000000000005,879,False
AI+Crypto+Data/AI+FinTech+Robotics,5,10,0.4417732948974082,7.4368421052631515,880,False
AI+FinTech+Logistics,3,7,0.4417732948974082,8.913888888888893,881,False
AI+Crypto+Defense+FinTech+SaaS,5,10,0.4417732948974082,9.027777777777779,882,False
Crypto+Data/AI+Defense+Quantum+Robotics+SaaS+Semiconductors,7,9,0.4425820076527548,-6.500000000000005,883,False
AI+Energy+FinTech+Quantum+Semiconductors,5,9,0.4425820076527548,8.913888888888893,884,False
AI+FinTech+Robotics+SaaS+Semiconductors,5,9,0.4425820076527548,9.382309941520466,885,False
AI+Data/AI+FinTech+SaaS,4,9,0.4425820076527548,9.268421052631581,886,False
Crypto+Data/AI+Defense+Energy+Logistics+Robotics,6,8,0.4425820076527548,-8.913888888888893,887,False
AI+Crypto+Data/AI+Defense+Energy+Logistics+Quantum+Robotics+SaaS+Semiconductors,10,14,0.44984006704439145,-6.700000000000006,888,True
Crypto+Data/AI+Defense+Energy+FinTech+Logistics+Quantum+Robotics+Semiconductors,9,13,0.4548974895338399,-6.500000000000005,889,False
AI+Quantum,2,4,0.4548974895338399,6.500000000000005,890,False
Data/AI+Defense+Energy+FinTech+Logistics+Quantum+SaaS+Semiconductors,8,12,0.4579998881222512,0.0861111111111148,891,False
AI+Energy+Robotics,3,5,0.4579998881222512,-0.0861111111111148,892,False
FinTech+Logistics+Semiconductors,3,5,0.4579998881222512,6.700000000000006,893,False
Crypto+Data/AI+Defense+Energy+FinTech+Robotics+SaaS+Semiconductors,8,12,0.4579998881222512,0.20000000000000018,894,False
AI+Crypto+Data/AI+Defense+Energy+Logistics+SaaS,7,11,0.4599477236207679,-0.20000000000000018,895,True
Crypto+Data/AI+Defense+FinTech+Quantum+SaaS+Semiconductors,7,11,0.4599477236207679,6.700000000000006,896,False
AI+Crypto+Energy+Semiconductors,4,6,0.4599477236207679,6.500000000000005,897,False
AI+Logistics+SaaS+Semiconductors,4,6,0.4599477236207679,6.500000000000005,898,False
AI+Crypto+Defense+Energy+Logistics+Robotics+SaaS+Semiconductors,8,11,0.4599477236207679,-0.0861111111111148,899,False
AI+Crypto+Data/AI+Logistics,4,7,0.4611051655101556,-0.20000000000000018,900,False
Defense+FinTech+Robotics+SaaS,4,7,0.4611051655101556,6.813888888888892,901,False
Defense+Energy+FinTech+Quantum,4,7,0.4611051655101556,6.700000000000006,902,False
AI+Crypto+Data/AI+Logistics+Quantum+Robotics+Semiconductors,7,10,0.4611051655101556,-6.700000000000006,903,False
Data/AI+FinTech+SaaS+Semiconductors,4,7,0.4611051655101556,6.700000000000006,904,False
AI+Data/AI+Energy+Logistics+Robotics+SaaS+Semiconductors,7,10,0.4611051655101556,-6.700000000000006,905,False
Data/AI+Defense+FinTech+Quantum+Robotics+SaaS,6,10,0.4611051655101556,0.20000000000000018,906,False
AI+Crypto+Logistics+Robotics+Semiconductors,5,7,0.4611051655101556,-0.0861111111111148,907,False
Crypto+Defense+Energy+FinTech+Logistics+Robotics+Semiconductors,7,10,0.4611051655101556,0.20000000000000018,908,False
AI+Crypto+Defense+Logistics+Quantum+SaaS+Semiconductors,7,10,0.4611051655101556,6.500000000000005,909,False
Crypto+Data/AI+Defense+Energy+FinTech+Logistics,6,10,0.4611051655101556,0.0861111111111148,910,False
Crypto+Defense+FinTech+Logistics+Quantum+Semiconductors,6,9,0.4616474850574333,6.700000000000006,911,False
Data/AI+Energy+FinTech+Logistics+Robotics+Semiconductors,6,9,0.4616474850574333,-6.500000000000005,912,False
AI+Data/AI+Logistics+Quantum+SaaS+Semiconductors,6,9,0.4616474850574333,-0.20000000000000018,913,False
Defense+FinTech+Logistics+Quantum+Robotics,5,8,0.4616474850574333,0.20000000000000018,914,False
AI+Defense+Energy+Quantum+SaaS,5,8,0.4616474850574333,6.500000000000005,915,False
AI+Crypto+Data/AI+Robotics+SaaS+Semiconductors,6,9,0.4616474850574333,0.2684210526315729,916,False
AI+Crypto+Defense+Energy+Quantum+Robotics,6,9,0.4616474850574333,-0.0861111111111148,917,False
AI+Data/AI+Energy+Quantum+Robotics,5,8,0.4616474850574333,-6.700000000000006,918,False
Crypto+Defense+FinTech+SaaS+Semiconductors,5,8,0.4616474850574333,10.80000000000001,919,False
AI+Defense+Logistics+Quantum+Robotics+SaaS,6,9,0.4616474850574333,-0.0861111111111148,920,False
Defense+Energy+FinTech+Logistics+SaaS+Semiconductors,6,9,0.4616474850574333,6.700000000000006,921,False
Crypto+Data/AI+FinTech+Robotics+Semiconductors,5,8,0.4616474850574333,0.20000000000000018,922,False
Data/AI+FinTech+Logistics+Quantum+Semiconductors,5,8,0.4616474850574333,0.0861111111111148,923,False
AI+Crypto+Data/AI+Energy+Quantum+Semiconductors,6,9,0.4616474850574333,-0.20000000000000018,924,False
Quantum+Semiconductors,2,2,0.4702739215484402,1.2428571428571464,925,False
AI+Data/AI+Defense+Energy+FinTech+Logistics+Quantum+Robotics+SaaS,9,15,0.4702739215484402,5.574999999999995,926,True
Energy+Robotics+Semiconductors,3,3,0.4748702271858025,-6.500000000000005,927,False
Data/AI+Energy,2,3,0.4748702271858025,-6.727777777777776,928,False
AI+Crypto+Data/AI+Defense+FinTech+Quantum+Robotics+SaaS,8,14,0.4748702271858025,7.4368421052631515,929,True
Defense+Logistics+SaaS,3,4,0.47741257029788875,1.7394529631164617,930,False
AI+Crypto+Defense+Energy+FinTech+Logistics+SaaS+Semiconductors,8,13,0.47741257029788875,8.913888888888893,931,False
Data/AI+Logistics+Robotics,3,4,0.47741257029788875,-8.913888888888893,932,False
AI+Crypto+Data/AI+Energy+FinTech+Logistics+Robotics+Semiconductors,8,13,0.47741257029788875,6.749268841394817,933,False
Crypto+Defense+Energy,3,4,0.47741257029788875,-3.5587926509186234,934,False
Crypto+Defense+Logistics+Robotics,4,5,0.4789707483156711,-6.500000000000005,935,False
Crypto+Data/AI+Logistics+Semiconductors,4,5,0.4789707483156711,-6.727777777777776,936,False
AI+Defense+Energy+FinTech+Logistics+Robotics+SaaS,7,12,0.4789707483156711,6.727777777777776,937,False
AI+Data/AI+Energy+FinTech+Logistics+SaaS+Semiconductors,7,12,0.4789707483156711,6.500000000000005,938,False
AI+Crypto+Data/AI+FinTech+Logistics+Quantum+Semiconductors,7,12,0.4789707483156711,6.500000000000005,939,False
AI+Crypto+Defense+FinTech+Logistics+Quantum+Robotics,7,12,0.4789707483156711,6.727777777777776,940,False
Data/AI+Energy+Quantum+Robotics+Semiconductors,5,6,0.4799485506043011,-8.913888888888893,941,False
AI+Data/AI+FinTech+Logistics+Quantum+Robotics,6,11,0.4799485506043011,3.5587926509186234,942,False
AI+Crypto+Defense+Energy+FinTech+Quantum,6,11,0.4799485506043011,8.913888888888893,943,False
AI+Crypto+Data/AI+FinTech+SaaS+Semiconductors,6,11,0.4799485506043011,9.268421052631581,944,False
AI+Crypto+Defense+FinTech+Robotics+SaaS,6,11,0.4799485506043011,9.382309941520466,945,False
AI+Defense+FinTech+Logistics+Quantum+SaaS,6,11,0.4799485506043011,8.913888888888893,946,False
Defense+Energy+Quantum+SaaS+Semiconductors,5,6,0.4799485506043011,-3.5587926509186234,947,False
Crypto+Data/AI+Defense+Energy+Quantum,5,7,0.480529407276376,-6.727777777777776,948,False
Defense+Logistics+Quantum+Robotics+SaaS+Semiconductors,6,7,0.480529407276376,-6.500000000000005,949,False
Crypto+Data/AI+Defense+Robotics+SaaS,5,7,0.480529407276376,-6.500000000000005,950,False
AI+Energy+FinTech,3,7,0.480529407276376,8.913888888888893,951,False
AI+Data/AI+Energy+FinTech+Quantum,5,10,0.480529407276376,6.500000000000005,952,False
AI+Data/AI+FinTech+Robotics+SaaS,5,10,0.480529407276376,7.4368421052631515,953,False
Data/AI+Defense+Logistics+Quantum+SaaS,5,7,0.480529407276376,-6.727777777777776,954,False
AI+Energy+FinTech+Quantum+Robotics+Semiconductors,6,10,0.480529407276376,6.727777777777776,955,False
Crypto+Defense+Energy+Quantum+Robotics+Semiconductors,6,7,0.480529407276376,-6.500000000000005,956,False
AI+Crypto+FinTech+Logistics+Semiconductors,5,9,0.48080152485497574,8.913888888888893,957,False
Crypto+Data/AI+Defense+Logistics+Quantum+Robotics,6,8,0.48080152485497574,-8.913888888888893,958,False
Data/AI+Defense+Energy+Logistics+Robotics+SaaS,6,8,0.48080152485497574,-8.913888888888893,959,False
Crypto+Data/AI+Defense+Energy+Logistics+SaaS+Semiconductors,7,9,0.48080152485497574,-6.727777777777776,960,False
AI+FinTech+Logistics+Robotics,4,8,0.48080152485497574,6.727777777777776,961,False
AI+Crypto+Defense+Energy+Quantum+SaaS+Semiconductors,7,10,0.5,6.500000000000005,962,False
Crypto+Data/AI+Defense+FinTech+Quantum+Robotics+SaaS+Semiconductors,8,12,0.5,0.20000000000000018,963,False
Data/AI+FinTech+Logistics+Quantum+Robotics+Semiconductors,6,9,0.5,-6.500000000000005,964,False
Data/AI+FinTech+Logistics,3,6,0.5,0.0861111111111148,965,False
AI+Crypto+Data/AI+Defense+Energy+Logistics+Robotics+SaaS,8,12,0.5,-6.700000000000006,966,True
Data/AI+Defense+Energy+FinTech+Logistics+SaaS,6,10,0.5,0.0861111111111148,967,False
Defense+Energy+FinTech+Logistics+Robotics+SaaS+Semiconductors,7,10,0.5,0.20000000000000018,968,False
AI+Energy+SaaS+Semiconductors,4,6,0.5,6.500000000000005,969,False
Defense+FinTech+Logistics+Quantum+SaaS+Semiconductors,6,9,0.5,6.700000000000006,970,False
AI+Data/AI+Logistics+SaaS,4,7,0.5,-0.20000000000000018,971,False
Data/AI+Defense+Energy+FinTech+Logistics+Quantum+Robotics+SaaS+Semiconductors,9,13,0.5,-6.500000000000005,972,False
FinTech+Logistics+Robotics+Semiconductors,4,6,0.5,0.20000000000000018,973,False
Crypto+Data/AI+Defense+FinTech+Logistics+Quantum,6,10,0.5,0.0861111111111148,974,False
AI+Crypto+Defense+Logistics+Quantum+Robotics+SaaS+Semiconductors,8,11,0.5,-0.0861111111111148,975,False
AI+Defense+Energy+Quantum+Robotics+SaaS,6,9,0.5,-0.0861111111111148,976,False
Crypto+Defense+FinTech+Logistics,4,7,0.5,6.700000000000006,977,False
AI+Data/AI+Logistics+Quantum+Robotics+SaaS+Semiconductors,7,10,0.5,-6.700000000000006,978,False
Crypto+Defense+Energy+FinTech+Quantum+Semiconductors,6,9,0.5,6.700000000000006,979,False
Crypto+Data/AI+Defense+Energy+FinTech+Logistics+Robotics,7,11,0.5,-6.500000000000005,980,False
Data/AI+FinTech+Robotics+SaaS+Semiconductors,5,8,0.5,0.20000000000000018,981,False
AI+Crypto+Defense+Logistics+SaaS,5,8,0.5,6.500000000000005,982,False
AI+Quantum+Robotics,3,5,0.5,-0.0861111111111148,983,False
AI+Logistics+Robotics+SaaS+Semiconductors,5,7,0.5,-0.0861111111111148,984,False
AI+Crypto+Data/AI+Logistics+Robotics,5,8,0.5,-6.700000000000006,985,False
AI+Crypto+Data/AI+Defense+Logistics+Quantum+SaaS,7,11,0.5,-0.20000000000000018,986,True
Defense+Energy+FinTech+Quantum+Robotics,5,8,0.5,0.20000000000000018,987,False
Energy+FinTech+Semiconductors,3,5,0.5,6.700000000000006,988,False
Crypto+Data/AI+Defense+FinTech+SaaS,5,9,0.5,6.700000000000006,989,False
Crypto+Defense+FinTech+Logistics+Quantum+Robotics+Semiconductors,7,10,0.5,0.20000000000000018,990,False
Data/AI+Energy+FinTech+Quantum+Semiconductors,5,8,0.5,0.0861111111111148,991,False
AI+Crypto+Data/AI+Energy,4,7,0.5,-0.20000000000000018,992,False
AI+Data/AI+Energy+Quantum+SaaS+Semiconductors,6,9,0.5,-0.20000000000000018,993,False
AI+Crypto+Data/AI+Energy+Quantum+Robotics+Semiconductors,7,10,0.5,-6.700000000000006,994,False
AI+Crypto+Energy+Robotics+Semiconductors,5,7,0.5,-0.0861111111111148,995,False
AI+Crypto+Quantum+Semiconductors,4,6,0.5,6.500000000000005,996,False
Crypto+Defense+FinTech+Robotics+SaaS+Semiconductors,6,9,0.5,6.813888888888892,997,False
AI+Energy+Logistics+Quantum+Semiconductors,5,7,0.5,-0.20000000000000018,998,False
AI+Crypto+Energy+FinTech+Semiconductors,5,9,0.5191984751450243,8.913888888888893,999,False
AI+FinTech+Logistics+SaaS+Semiconductors,5,9,0.5191984751450243,8.913888888888893,1000,False
Crypto+Data/AI+Defense+Energy+Quantum+Robotics,6,8,0.5191984751450243,-8.913888888888893,1001,False
Crypto+Data/AI+Defense+Logistics+Quantum+SaaS+Semiconductors,7,9,0.5191984751450243,-6.727777777777776,1002,False
Data/AI+Defense+Logistics+Quantum+Robotics+SaaS,6,8,0.5191984751450243,-8.913888888888893,1003,False
AI+Energy+FinTech+Robotics,4,8,0.5191984751450243,6.727777777777776,1004,False
Defense+Energy+Quantum+Robotics+SaaS+Semiconductors,6,7,0.519470592723624,-6.500000000000005,1005,False
AI+Crypto+FinTech+Logistics+Robotics+Semiconductors,6,10,0.519470592723624,6.727777777777776,1006,False
Data/AI+Defense+Energy+Quantum+SaaS,5,7,0.519470592723624,-6.727777777777776,1007,False
Crypto+Data/AI+Defense+Energy+Logistics+Robotics+SaaS+Semiconductors,8,10,0.519470592723624,-8.913888888888893,1008,False
AI+Crypto+Data/AI+FinTech+Logistics,5,10,0.519470592723624,6.500000000000005,1009,False
AI+FinTech+Quantum,3,7,0.519470592723624,8.913888888888893,1010,False
Crypto+Data/AI+Logistics+Robotics+Semiconductors,5,6,0.5200514493956989,-8.913888888888893,1011,False
AI+Defense+Energy+FinTech+Quantum+SaaS,6,11,0.5200514493956989,8.913888888888893,1012,False
AI+Data/AI+Energy+FinTech+Quantum+Robotics,6,11,0.5200514493956989,-1.7394529631164617,1013,False
Crypto+Defense+Logistics+SaaS+Semiconductors,5,6,0.5200514493956989,1.7394529631164617,1014,False
AI+Data/AI+FinTech+Logistics+Quantum+SaaS+Semiconductors,7,12,0.5210292516843289,6.500000000000005,1015,False
AI+Crypto+Data/AI+FinTech+Robotics+SaaS+Semiconductors,7,12,0.5210292516843289,7.4368421052631515,1016,False
Crypto+Data/AI+Energy+Semiconductors,4,5,0.5210292516843289,-6.727777777777776,1017,False
AI+Crypto+Defense+Energy+FinTech+Quantum+Robotics,7,12,0.5210292516843289,6.727777777777776,1018,False
Data/AI+Logistics+SaaS+Semiconductors,4,5,0.5210292516843289,-6.727777777777776,1019,False
Defense+Logistics+Robotics+SaaS,4,5,0.5210292516843289,-6.500000000000005,1020,False
AI+Crypto+Data/AI+Energy+FinTech+Quantum+Semiconductors,7,12,0.5210292516843289,6.500000000000005,1021,False
Crypto+Defense+Energy+Robotics,4,5,0.5210292516843289,-6.500000000000005,1022,False
AI+Defense+FinTech+Logistics+Quantum+Robotics+SaaS,7,12,0.5210292516843289,6.727777777777776,1023,False
Defense+Energy+Logistics+Quantum,4,5,0.5210292516843289,-7.4368421052631515,1024,False
Crypto+Defense+Quantum,3,4,0.5225874297021113,-6.749268841394817,1025,False
Defense+Energy+SaaS,3,4,0.5225874297021113,-3.5587926509186234,1026,False
AI+Crypto+Data/AI+FinTech+Logistics+Quantum+Robotics+Semiconductors,8,13,0.5225874297021113,3.5587926509186234,1027,False
Data/AI+Energy+Robotics,3,4,0.5225874297021113,-8.913888888888893,1028,False
AI+Data/AI+Energy+FinTech+Logistics+Robotics+SaaS+Semiconductors,8,13,0.5225874297021113,6.749268841394817,1029,False
AI+Crypto+Defense+FinTech+Logistics+Quantum+SaaS+Semiconductors,8,13,0.5225874297021113,8.913888888888893,1030,False
Data/AI+Quantum,2,3,0.5251297728141975,-6.727777777777776,1031,False
Quantum+Robotics+Semiconductors,3,3,0.5251297728141975,-6.500000000000005,1032,False
AI+Crypto+Defense+Energy+FinTech+Logistics+Robotics+SaaS+Semiconductors,9,14,0.5251297728141975,6.727777777777776,1033,False
AI+Crypto+Data/AI+Defense+Energy+FinTech+Logistics+SaaS,8,14,0.5251297728141975,6.500000000000005,1034,True
AI+Data/AI+Logistics+Robotics+SaaS,5,8,0.5383525149425668,-6.700000000000006,1035,False
AI+Crypto+Defense+Logistics+Robotics+SaaS,6,9,0.5383525149425668,-0.0861111111111148,1036,False
Crypto+Defense+FinTech+Logistics+Robotics,5,8,0.5383525149425668,0.20000000000000018,1037,False
AI+Crypto+Defense+Energy+Logistics+Quantum,6,9,0.5383525149425668,-0.20000000000000018,1038,False
AI+Crypto+Data/AI+Logistics+SaaS+Semiconductors,6,9,0.5383525149425668,-0.20000000000000018,1039,False
Data/AI+Energy+FinTech+Quantum+Robotics+Semiconductors,6,9,0.5383525149425668,-6.500000000000005,1040,False
AI+Crypto+Data/AI+Energy+Robotics,5,8,0.5383525149425668,-6.700000000000006,1041,False
AI+Energy+Logistics+Quantum+Robotics+Semiconductors,6,8,0.5383525149425668,-6.700000000000006,1042,False
AI+Crypto+Defense+Energy+SaaS,5,8,0.5383525149425668,6.500000000000005,1043,False
Crypto+Data/AI+FinTech+Logistics+Semiconductors,5,8,0.5383525149425668,0.0861111111111148,1044,False
Defense+Energy+FinTech+Quantum+SaaS+Semiconductors,6,9,0.5383525149425668,6.700000000000006,1045,False
AI+Data/AI+Energy+Logistics+Quantum,5,8,0.5383525149425668,-6.813888888888892,1046,False
Crypto+Defense+Energy+FinTech+Quantum+Robotics+Semiconductors,7,10,0.5388948344898443,0.20000000000000018,1047,False
Data/AI+Defense+FinTech+Logistics+Quantum+SaaS,6,10,0.5388948344898443,0.0861111111111148,1048,False
Crypto+Data/AI+Defense+Energy+FinTech+Quantum,6,10,0.5388948344898443,0.0861111111111148,1049,False
Data/AI+FinTech+Logistics+Robotics,4,7,0.5388948344898443,-6.500000000000005,1050,False
AI+Crypto+Data/AI+Quantum,4,7,0.5388948344898443,-0.20000000000000018,1051,False
Crypto+Data/AI+Defense+FinTech+Robotics+SaaS,6,10,0.5388948344898443,0.20000000000000018,1052,False
AI+Data/AI+Energy+Quantum+Robotics+SaaS+Semiconductors,7,10,0.5388948344898443,-6.700000000000006,1053,False
AI+Energy+Robotics+SaaS+Semiconductors,5,7,0.5388948344898443,-0.0861111111111148,1054,False
Defense+FinTech+Logistics+Quantum+Robotics+SaaS+Semiconductors,7,10,0.5388948344898443,0.20000000000000018,1055,False
AI+Crypto+Quantum+Robotics+Semiconductors,5,7,0.5388948344898443,-0.0861111111111148,1056,False
Defense+FinTech+Logistics+SaaS,4,7,0.5388948344898443,6.700000000000006,1057,False
AI+Data/AI+Energy+SaaS,4,7,0.5388948344898443,-0.20000000000000018,1058,False
Crypto+Defense+Energy+FinTech,4,7,0.5388948344898443,6.700000000000006,1059,False
AI+Crypto+Data/AI+Defense+Energy+Quantum+SaaS,7,11,0.5400522763792321,-0.20000000000000018,1060,True
Energy+FinTech+Robotics+Semiconductors,4,6,0.5400522763792321,0.20000000000000018,1061,False
AI+Crypto+Defense+Energy+Quantum+Robotics+SaaS+Semiconductors,8,11,0.5400522763792321,-0.0861111111111148,1062,False
AI+Quantum+SaaS+Semiconductors,4,6,0.5400522763792321,6.500000000000005,1063,False
Crypto+Data/AI+Defense+FinTech+Logistics+Quantum+Robotics,7,11,0.5400522763792321,-6.500000000000005,1064,False
Data/AI+Energy+FinTech,3,6,0.5400522763792321,0.0861111111111148,1065,False
Data/AI+Defense+Energy+FinTech+Logistics+Robotics+SaaS,7,11,0.5400522763792321,-6.500000000000005,1066,False
Crypto+Data/AI+Defense+Energy+FinTech+Logistics+SaaS+Semiconductors,8,12,0.5420001118777488,0.0861111111111148,1067,False
FinTech+Quantum+Semiconductors,3,5,0.5420001118777488,6.700000000000006,1068,False
AI+Energy+Logistics,3,5,0.5420001118777488,-0.20000000000000018,1069,False
AI+Crypto+Data/AI+Defense+Logistics+Quantum+Robotics+SaaS,8,12,0.5420001118777488,-6.700000000000006,1070,True
AI+Crypto,2,4,0.5451025104661601,6.500000000000005,1071,False
Data/AI+Defense+Energy+Quantum+Robotics+SaaS,6,8,0.5574179923472452,-8.913888888888893,1072,False
AI+Crypto+FinTech+Quantum+Semiconductors,5,9,0.5574179923472452,8.913888888888893,1073,False
AI+FinTech+Quantum+Robotics,4,8,0.5574179923472452,6.727777777777776,1074,False
AI+Energy+FinTech+SaaS+Semiconductors,5,9,0.5574179923472452,8.913888888888893,1075,False
Crypto+Data/AI+Defense+Energy+Quantum+SaaS+Semiconductors,7,9,0.5574179923472452,-6.727777777777776,1076,False
Crypto+Defense+Logistics+Robotics+SaaS+Semiconductors,6,7,0.5582267051025918,-6.500000000000005,1077,False
AI+FinTech+Logistics+Robotics+SaaS+Semiconductors,6,10,0.5582267051025918,6.727777777777776,1078,False
AI+Crypto+Energy+FinTech+Robotics+Semiconductors,6,10,0.5582267051025918,6.727777777777776,1079,False
AI+Data/AI+FinTech+Logistics+SaaS,5,10,0.5582267051025918,6.500000000000005,1080,False
Crypto+Data/AI+Defense+Logistics+SaaS,5,7,0.5582267051025918,-6.727777777777776,1081,False
Crypto+Defense+Energy+Logistics+Quantum+Semiconductors,6,7,0.5582267051025918,-7.4368421052631515,1082,False
AI+Energy+FinTech+Logistics+Quantum+Semiconductors,6,10,0.5582267051025918,6.500000000000005,1083,False
Crypto+Data/AI+Defense+Logistics+Quantum+Robotics+SaaS+Semiconductors,8,10,0.5582267051025918,-8.913888888888893,1084,False
AI+Crypto+Data/AI+Energy+FinTech,5,10,0.5582267051025918,6.500000000000005,1085,False
Crypto+Data/AI+Energy+Robotics+Semiconductors,5,6,0.5599522416237596,-8.913888888888893,1086,False
Data/AI+Energy+Logistics+Quantum+Semiconductors,5,6,0.5599522416237596,-9.382309941520466,1087,False
AI+Crypto+Defense+FinTech+Logistics+SaaS,6,11,0.5599522416237596,8.913888888888893,1088,False
Defense+Energy+Logistics+Quantum+Robotics,5,6,0.5599522416237596,-9.268421052631581,1089,False
Data/AI+Logistics+Robotics+SaaS+Semiconductors,5,6,0.5599522416237596,-8.913888888888893,1090,False
Crypto+Defense+Energy+SaaS+Semiconductors,5,6,0.5599522416237596,-3.5587926509186234,1091,False
AI+Crypto+Data/AI+FinTech+Logistics+Robotics,6,11,0.5599522416237596,3.5587926509186234,1092,False
Data/AI+Energy+SaaS+Semiconductors,4,5,0.5628546750425028,-6.727777777777776,1093,False
Crypto+Defense+Quantum+Robotics,4,5,0.5628546750425028,-6.500000000000005,1094,False
Defense+Energy+Robotics+SaaS,4,5,0.5628546750425028,-6.500000000000005,1095,False
Crypto+Data/AI+Quantum+Semiconductors,4,5,0.5628546750425028,-6.727777777777776,1096,False
AI+Data/AI+Energy+FinTech+Quantum+SaaS+Semiconductors,7,12,0.5628546750425028,6.500000000000005,1097,False
AI+Defense+Energy+FinTech+Quantum+Robotics+SaaS,7,12,0.5628546750425028,6.727777777777776,1098,False
Defense+Quantum+SaaS,3,4,0.5674735878261985,-6.749268841394817,1099,False
AI+Crypto+Defense+Energy+FinTech+Quantum+SaaS+Semiconductors,8,13,0.5674735878261985,8.913888888888893,1100,False
Data/AI+Quantum+Robotics,3,4,0.5674735878261985,-8.913888888888893,1101,False
AI+Data/AI+FinTech+Logistics+Quantum+Robotics+SaaS+Semiconductors,8,13,0.5674735878261985,3.5587926509186234,1102,False
AI+Crypto+Data/AI+Energy+FinTech+Quantum+Robotics+Semiconductors,8,13,0.5674735878261985,-1.7394529631164617,1103,False
AI+Crypto+Data/AI+Defense+FinTech+Logistics+Quantum+SaaS,8,14,0.5749920507593408,6.500000000000005,1104,True
Energy+Logistics+Semiconductors,3,3,0.5749920507593408,-7.4368421052631515,1105,False
AI+Crypto+Defense+FinTech+Logistics+Quantum+Robotics+SaaS+Semiconductors,9,14,0.5749920507593408,6.727777777777776,1106,False
Data/AI+FinTech+Logistics+SaaS+Semiconductors,5,8,0.5763513933555149,0.0861111111111148,1107,False
AI+Crypto+Data/AI+Quantum+Robotics,5,8,0.5763513933555149,-6.700000000000006,1108,False
AI+Crypto+Defense+Energy+Robotics+SaaS,6,9,0.5763513933555149,-0.0861111111111148,1109,False
Crypto+Data/AI+FinTech+Logistics+Robotics+Semiconductors,6,9,0.5763513933555149,-6.500000000000005,1110,False
Crypto+Data/AI+Energy+FinTech+Semiconductors,5,8,0.5763513933555149,0.0861111111111148,1111,False
Crypto+Defense+Energy+FinTech+Robotics,5,8,0.5763513933555149,0.20000000000000018,1112,False
AI+Crypto+Defense+Quantum+SaaS,5,8,0.5763513933555149,6.500000000000005,1113,False
AI+Crypto+Data/AI+Energy+SaaS+Semiconductors,6,9,0.5763513933555149,-0.20000000000000018,1114,False
Crypto+Defense+FinTech+Logistics+SaaS+Semiconductors,6,9,0.5763513933555149,6.700000000000006,1115,False
Defense+FinTech+Logistics+Robotics+SaaS,5,8,0.5763513933555149,0.20000000000000018,1116,False
AI+Data/AI+Energy+Robotics+SaaS,5,8,0.5763513933555149,-6.700000000000006,1117,False
AI+Defense+Energy+Logistics+Quantum+SaaS,6,9,0.5763513933555149,-0.20000000000000018,1118,False
Defense+Energy+FinTech+Logistics+Quantum,5,8,0.5763513933555149,-0.2684210526315729,1119,False
AI+Data/AI+Energy+Logistics+Quantum+Robotics,6,9,0.5763513933555149,-10.80000000000001,1120,False
AI+Crypto+Data/AI+Logistics+Robotics+SaaS+Semiconductors,7,10,0.5774208419577203,-6.700000000000006,1121,False
AI+Crypto+Data/AI+Energy+Logistics+Quantum+Semiconductors,7,10,0.5774208419577203,-6.813888888888892,1122,False
AI+Quantum+Robotics+SaaS+Semiconductors,5,7,0.5774208419577203,-0.0861111111111148,1123,False
AI+Data/AI+Quantum+SaaS,4,7,0.5774208419577203,-0.20000000000000018,1124,False
Data/AI+Energy+FinTech+Robotics,4,7,0.5774208419577203,-6.500000000000005,1125,False
Crypto+Defense+FinTech+Quantum,4,7,0.5774208419577203,6.700000000000006,1126,False
AI+Crypto+Energy+Logistics+Semiconductors,5,7,0.5774208419577203,-0.20000000000000018,1127,False
Data/AI+Defense+Energy+FinTech+Quantum+SaaS,6,10,0.5774208419577203,0.0861111111111148,1128,False
Defense+Energy+FinTech+Quantum+Robotics+SaaS+Semiconductors,7,10,0.5774208419577203,0.20000000000000018,1129,False
AI+Crypto+Defense+Energy+Logistics+Quantum+Robotics,7,10,0.5774208419577203,-6.700000000000006,1130,False
Defense+Energy+FinTech+SaaS,4,7,0.5774208419577203,6.700000000000006,1131,False
Data/AI+FinTech+Quantum,3,6,0.5797018671454908,0.0861111111111148,1132,False
AI+Energy+Logistics+Robotics,4,6,0.5797018671454908,-6.700000000000006,1133,False
Crypto+Data/AI+Defense+Energy+FinTech+Quantum+Robotics,7,11,0.5797018671454908,-6.500000000000005,1134,False
FinTech+Quantum+Robotics+Semiconductors,4,6,0.5797018671454908,0.20000000000000018,1135,False
Data/AI+Defense+FinTech+Logistics+Quantum+Robotics+SaaS,7,11,0.5797018671454908,-6.500000000000005,1136,False
AI+Crypto+Data/AI+Defense+Energy+Quantum+Robotics+SaaS,8,12,0.5835360008129372,-6.700000000000006,1137,True
Crypto+Data/AI+Defense+FinTech+Logistics+Quantum+SaaS+Semiconductors,8,12,0.5835360008129372,0.0861111111111148,1138,False
AI+Logistics+Quantum,3,5,0.5835360008129372,-0.20000000000000018,1139,False
AI+Crypto+Robotics,3,5,0.5835360008129372,-0.0861111111111148,1140,False
AI+Crypto+Data/AI+Defense+Energy+FinTech+Logistics+Robotics+SaaS,9,15,0.5885217224405682,-1.2428571428571464,1141,True
Crypto+Semiconductors,2,2,0.5885217224405682,-5.574999999999995,1142,False
Crypto+Data/AI+Defense+Energy+FinTech+Logistics+Robotics+SaaS+Semiconductors,9,13,0.589630385162051,-6.500000000000005,1143,False
AI+SaaS,2,4,0.589630385162051,6.500000000000005,1144,False
AI+Energy+FinTech+Logistics,4,8,0.5951101146782638,6.500000000000005,1145,False
Crypto+Data/AI+Defense+Logistics+Robotics+SaaS,6,8,0.5951101146782638,-8.913888888888893,1146,False
Crypto+Defense+Energy+Logistics+Quantum+Robotics+Semiconductors,7,8,0.5951101146782638,-9.268421052631581,1147,False
Crypto+Data/AI+Defense+Energy+Logistics+Quantum,6,8,0.5951101146782638,-9.382309941520466,1148,False
AI+FinTech+Quantum+SaaS+Semiconductors,5,9,0.5951101146782638,8.913888888888893,1149,False
AI+Energy+FinTech+Robotics+SaaS+Semiconductors,6,10,0.596432859077451,6.727777777777776,1150,False
Crypto+Data/AI+Defense+Energy+Quantum+Robotics+SaaS+Semiconductors,8,10,0.596432859077451,-8.913888888888893,1151,False
AI+Crypto+FinTech,3,7,0.596432859077451,8.913888888888893,1152,False
Crypto+Data/AI+Defense+Energy+SaaS,5,7,0.596432859077451,-6.727777777777776,1153,False
AI+Crypto+Data/AI+FinTech+Quantum,5,10,0.596432859077451,6.500000000000005,1154,False
AI+Crypto+FinTech+Quantum+Robotics+Semiconductors,6,10,0.596432859077451,6.727777777777776,1155,False
Crypto+Defense+Energy+Robotics+SaaS+Semiconductors,6,7,0.596432859077451,-6.500000000000005,1156,False
AI+Data/AI+Energy+FinTech+SaaS,5,10,0.596432859077451,6.500000000000005,1157,False
Defense+Energy+Logistics+Quantum+SaaS+Semiconductors,6,7,0.596432859077451,-7.4368421052631515,1158,False
Data/AI+Energy+Logistics+Quantum+Robotics+Semiconductors,6,7,0.596432859077451,-9.027777777777779,1159,False
AI+Data/AI+Energy+FinTech+Logistics+Quantum,6,11,0.5992528049913032,-2.2078740157480348,1160,False
Crypto+Defense+Quantum+SaaS+Semiconductors,5,6,0.5992528049913032,-6.749268841394817,1161,False
Crypto+Data/AI+Quantum+Robotics+Semiconductors,5,6,0.5992528049913032,-8.913888888888893,1162,False
Data/AI+Energy+Robotics+SaaS+Semiconductors,5,6,0.5992528049913032,-8.913888888888893,1163,False
AI+Energy+FinTech+Logistics+Quantum+Robotics+Semiconductors,7,11,0.5992528049913032,-2.0939851268591494,1164,False
AI+Data/AI+FinTech+Logistics+Robotics+SaaS,6,11,0.5992528049913032,3.5587926509186234,1165,False
AI+Crypto+Data/AI+Energy+FinTech+Robotics,6,11,0.5992528049913032,-1.7394529631164617,1166,False
AI+Crypto+Defense+Energy+FinTech+SaaS,6,11,0.5992528049913032,8.913888888888893,1167,False
FinTech,1,3,0.5995300391913817,6.700000000000006,1168,False
AI+Crypto+Data/AI+FinTech+Logistics+SaaS+Semiconductors,7,12,0.6039885798765798,6.500000000000005,1169,False
Data/AI+Quantum+SaaS+Semiconductors,4,5,0.6039885798765798,-6.727777777777776,1170,False
Defense+Quantum+Robotics+SaaS,4,5,0.6039885798765798,-6.500000000000005,1171,False
Crypto+Defense+Energy+Logistics,4,5,0.6039885798765798,-7.4368421052631515,1172,False
AI+Crypto+Defense+FinTech+Logistics+Robotics+SaaS,7,12,0.6039885798765798,6.727777777777776,1173,False
AI+Crypto+Defense+Energy+FinTech+Logistics+Quantum,7,12,0.6039885798765798,6.500000000000005,1174,False
Energy+Logistics+Robotics+Semiconductors,4,4,0.6115046651241095,-9.268421052631581,1175,False
Data/AI+Energy+Logistics,3,4,0.6115046651241095,-9.382309941520466,1176,False
AI+Data/AI+Energy+FinTech+Quantum+Robotics+SaaS+Semiconductors,8,13,0.6115046651241095,-1.7394529631164617,1177,False
Data/AI+Energy+FinTech+SaaS+Semiconductors,5,8,0.6136527509554566,0.0861111111111148,1178,False
Crypto+Data/AI+FinTech+Quantum+Semiconductors,5,8,0.6136527509554566,0.0861111111111148,1179,False
Crypto+Defense+FinTech+Quantum+Robotics,5,8,0.6136527509554566,0.20000000000000018,1180,False
AI+Data/AI+Quantum+Robotics+SaaS,5,8,0.6136527509554566,-6.700000000000006,1181,False
AI+Crypto+Data/AI+Quantum+SaaS+Semiconductors,6,9,0.6136527509554566,-0.20000000000000018,1182,False
Defense+Energy+FinTech+Robotics+SaaS,5,8,0.6136527509554566,0.20000000000000018,1183,False
Defense+Energy+FinTech+Logistics+Quantum+Robotics,6,9,0.6136527509554566,-6.500000000000005,1184,False
Crypto+Defense+Energy+FinTech+SaaS+Semiconductors,6,9,0.6136527509554566,6.700000000000006,1185,False
Data/AI+FinTech+Logistics+Robotics+SaaS+Semiconductors,6,9,0.6136527509554566,-6.500000000000005,1186,False
Data/AI+Energy+FinTech+Logistics+Quantum+Semiconductors,6,9,0.6136527509554566,-6.727777777777776,1187,False
AI+Crypto+Defense+Quantum+Robotics+SaaS,6,9,0.6136527509554566,-0.0861111111111148,1188,False
AI+Crypto+Energy+Logistics+Robotics+Semiconductors,6,8,0.6136527509554566,-6.700000000000006,1189,False
Crypto+Data/AI+Energy+FinTech+Robotics+Semiconductors,6,9,0.6136527509554566,-6.500000000000005,1190,False
AI+Crypto+Data/AI+Energy+Logistics,5,8,0.6136527509554566,-6.813888888888892,1191,False
AI+Crypto+Data/AI+Energy+Robotics+SaaS+Semiconductors,7,10,0.6152196546125691,-6.700000000000006,1192,False
Crypto+Defense+FinTech+Logistics+Robotics+SaaS+Semiconductors,7,10,0.6152196546125691,0.20000000000000018,1193,False
AI+Crypto+Logistics+Quantum+Semiconductors,5,7,0.6152196546125691,-0.20000000000000018,1194,False
AI+Defense+Energy+Logistics+Quantum+Robotics+SaaS,7,10,0.6152196546125691,-6.700000000000006,1195,False
AI+Energy+Logistics+SaaS+Semiconductors,5,7,0.6152196546125691,-0.20000000000000018,1196,False
Data/AI+FinTech+Quantum+Robotics,4,7,0.6152196546125691,-6.500000000000005,1197,False
Crypto+Defense+Energy+FinTech+Logistics+Quantum+Semiconductors,7,10,0.6152196546125691,-0.2684210526315729,1198,False
AI+Data/AI+Energy+Logistics+Quantum+SaaS+Semiconductors,7,10,0.6152196546125691,-6.813888888888892,1199,False
Defense+FinTech+Quantum+SaaS,4,7,0.6152196546125691,6.700000000000006,1200,False
Crypto+Data/AI+Defense+FinTech+Logistics+SaaS,6,10,0.6152196546125691,0.0861111111111148,1201,False
AI+Logistics+Quantum+Robotics,4,6,0.6185581917820276,-6.700000000000006,1202,False
AI+Crypto+Defense+Energy+Logistics+Quantum+SaaS+Semiconductors,8,11,0.6185581917820276,-0.20000000000000018,1203,False
Energy+FinTech+Logistics+Semiconductors,4,6,0.6185581917820276,-0.2684210526315729,1204,False
AI+Crypto+Data/AI+Energy+Logistics+Quantum+Robotics+Semiconductors,8,11,0.6185581917820276,-10.80000000000001,1205,False
Data/AI+Defense+Energy+FinTech+Quantum+Robotics+SaaS,7,11,0.6185581917820276,-6.500000000000005,1206,False
AI+Crypto+SaaS+Semiconductors,4,6,0.6185581917820276,6.500000000000005,1207,False
AI+Crypto+Data/AI+Defense+Energy+FinTech+Quantum+SaaS,8,14,0.6236812673480757,6.500000000000005,1208,True
AI+Crypto+Defense+Energy+FinTech+Quantum+Robotics+SaaS+Semiconductors,9,14,0.6236812673480757,6.727777777777776,1209,False
Crypto+Robotics+Semiconductors,3,3,0.6236812673480757,-6.500000000000005,1210,False
Logistics+Quantum+Semiconductors,3,3,0.6236812673480757,-7.4368421052631515,1211,False
Crypto+Data/AI,2,3,0.6236812673480757,-6.727777777777776,1212,False
Crypto+Data/AI+Defense+Energy+FinTech+Quantum+SaaS+Semiconductors,8,12,0.6241587801714785,0.0861111111111148,1213,False
AI+Robotics+SaaS,3,5,0.6241587801714785,-0.0861111111111148,1214,False
Crypto+FinTech+Semiconductors,3,5,0.6241587801714785,6.700000000000006,1215,False
AI+Energy+Quantum,3,5,0.6241587801714785,-0.20000000000000018,1216,False
Crypto+Data/AI+Defense+Energy+Robotics+SaaS,6,8,0.6319393682900127,-8.913888888888893,1217,False
Crypto+Data/AI+Defense+Energy+Logistics+Quantum+Robotics,7,9,0.6319393682900127,-9.027777777777779,1218,False
Data/AI+Defense+Energy+Logistics+Quantum+SaaS,6,8,0.6319393682900127,-9.382309941520466,1219,False
AI+FinTech+Logistics+Quantum,4,8,0.6319393682900127,6.500000000000005,1220,False
Defense+Energy+Logistics+Quantum+Robotics+SaaS+Semiconductors,7,8,0.6319393682900127,-9.268421052631581,1221,False
AI+Energy+FinTech+Logistics+Robotics,5,9,0.6319393682900127,-2.0939851268591494,1222,False
AI+Crypto+FinTech+Robotics,4,8,0.6319393682900127,6.727777777777776,1223,False
FinTech+Robotics,2,4,0.6330308587478295,0.20000000000000018,1224,False
Crypto+Data/AI+Defense+FinTech+Logistics+Quantum+Robotics+SaaS+Semiconductors,9,13,0.6330308587478295,-6.500000000000005,1225,False
Crypto+Defense+Quantum+Robotics+SaaS+Semiconductors,6,7,0.6337397032667605,-6.500000000000005,1226,False
AI+Data/AI+FinTech+Quantum+SaaS,5,10,0.6337397032667605,6.500000000000005,1227,False
AI+Crypto+Energy+FinTech+Logistics+Semiconductors,6,10,0.6337397032667605,6.500000000000005,1228,False
Crypto+Data/AI+Defense+Quantum+SaaS,5,7,0.6337397032667605,-6.727777777777776,1229,False
AI+FinTech+Quantum+Robotics+SaaS+Semiconductors,6,10,0.6337397032667605,6.727777777777776,1230,False
AI+FinTech+SaaS,3,7,0.6337397032667605,8.913888888888893,1231,False
AI+Data/AI+Energy+FinTech+Robotics+SaaS,6,11,0.6375729847848154,-1.7394529631164617,1232,False
AI+Crypto+Defense+FinTech+Quantum+SaaS,6,11,0.6375729847848154,8.913888888888893,1233,False
Crypto+Defense+Energy+Logistics+Robotics,5,6,0.6375729847848154,-9.268421052631581,1234,False
AI+Crypto+Data/AI+FinTech+Quantum+Robotics,6,11,0.6375729847848154,-1.7394529631164617,1235,False
Crypto+Data/AI+Energy+Logistics+Semiconductors,5,6,0.6375729847848154,-9.382309941520466,1236,False
Data/AI+Quantum+Robotics+SaaS+Semiconductors,5,6,0.6375729847848154,-8.913888888888893,1237,False
AI+Crypto+Defense+Energy+FinTech+Robotics+SaaS,7,12,0.6439952674326175,6.727777777777776,1238,False
Defense+Energy+Logistics+SaaS,4,5,0.6439952674326175,-7.4368421052631515,1239,False
AI+Defense+Energy+FinTech+Logistics+Quantum+SaaS,7,12,0.6439952674326175,6.500000000000005,1240,False
Data/AI+Energy+Logistics+Robotics,4,5,0.6439952674326175,-9.027777777777779,1241,False
AI+Data/AI+Energy+FinTech+Logistics+Quantum+Robotics,7,12,0.6439952674326175,-10.715748031496076,1242,False
AI+Crypto+Data/AI+Energy+FinTech+SaaS+Semiconductors,7,12,0.6439952674326175,6.500000000000005,1243,False
Crypto+Defense+Logistics+Quantum,4,5,0.6439952674326175,-7.4368421052631515,1244,False
SaaS+Semiconductors,2,2,0.6453910063782577,-7.854545454545451,1245,False
AI+Crypto+Data/AI+Defense+FinTech+Logistics+Quantum+Robotics+SaaS,9,15,0.6453910063782577,-4.43333333333334,1246,True
Crypto+Defense+Energy+FinTech+Logistics,5,8,0.6499317610966596,-0.2684210526315729,1247,False
AI+Energy+Logistics+Robotics+SaaS+Semiconductors,6,8,0.6499317610966596,-6.700000000000006,1248,False
AI+Crypto+Logistics+Quantum+Robotics+Semiconductors,6,8,0.6499317610966596,-6.700000000000006,1249,False
Crypto+Data/AI+FinTech+Quantum+Robotics+Semiconductors,6,9,0.6499317610966596,-6.500000000000005,1250,False
Data/AI+FinTech+Quantum+SaaS+Semiconductors,5,8,0.6499317610966596,0.0861111111111148,1251,False
AI+Crypto+Data/AI+Logistics+Quantum,5,8,0.6499317610966596,-6.813888888888892,1252,False
Data/AI+Energy+FinTech+Robotics+SaaS+Semiconductors,6,9,0.6499317610966596,-6.500000000000005,1253,False
Crypto+Defense+FinTech+Quantum+SaaS+Semiconductors,6,9,0.6499317610966596,6.700000000000006,1254,False
Defense+FinTech+Quantum+Robotics+SaaS,5,8,0.6499317610966596,0.20000000000000018,1255,False
AI+Crypto+Data/AI+Energy+Logistics+Robotics,6,9,0.6499317610966596,-10.80000000000001,1256,False
AI+Crypto+Defense+Energy+Logistics+SaaS,6,9,0.6499317610966596,-0.20000000000000018,1257,False
AI+Data/AI+Energy+Logistics+SaaS,5,8,0.6499317610966596,-6.813888888888892,1258,False
Crypto+Defense+Energy+FinTech+Robotics+SaaS+Semiconductors,7,10,0.6519533303451239,0.20000000000000018,1259,False
Data/AI+Energy+FinTech+Logistics+Quantum+Robotics+Semiconductors,7,10,0.6519533303451239,-8.913888888888893,1260,False
Crypto+Data/AI+Defense+Energy+FinTech+SaaS,6,10,0.6519533303451239,0.0861111111111148,1261,False
AI+Crypto+Data/AI+SaaS,4,7,0.6519533303451239,-0.20000000000000018,1262,False
AI+Crypto+Data/AI+Quantum+Robotics+SaaS+Semiconductors,7,10,0.6519533303451239,-6.700000000000006,1263,False
AI+Logistics+Quantum+SaaS+Semiconductors,5,7,0.6519533303451239,-0.20000000000000018,1264,False
Data/AI+Energy+FinTech+Logistics,4,7,0.6519533303451239,-6.727777777777776,1265,False
Energy+FinTech+Logistics+Robotics+Semiconductors,5,7,0.6519533303451239,-6.500000000000005,1266,False
AI+Crypto+Energy+Quantum+Semiconductors,5,7,0.6519533303451239,-0.20000000000000018,1267,False
Defense+Energy+FinTech+Logistics+Quantum+SaaS+Semiconductors,7,10,0.6519533303451239,-0.2684210526315729,1268,False
AI+Crypto+Robotics+SaaS+Semiconductors,5,7,0.6519533303451239,-0.0861111111111148,1269,False
Crypto+Data/AI+Robotics,3,4,0.654146652612408,-8.913888888888893,1270,False
AI+Crypto+Data/AI+FinTech+Logistics+Robotics+SaaS+Semiconductors,8,13,0.654146652612408,3.5587926509186234,1271,False
AI+Crypto+Defense+Energy+FinTech+Logistics+Quantum+Robotics,8,13,0.654146652612408,-10.086111111111112,1272,False
Data/AI+Logistics+Quantum,3,4,0.654146652612408,-9.382309941520466,1273,False
AI+Crypto+Data/AI+Energy+FinTech+Logistics+Quantum+Semiconductors,8,13,0.654146652612408,-2.2078740157480348,1274,False
Crypto+Defense+SaaS,3,4,0.654146652612408,-13.567125984251959,1275,False
Logistics+Quantum+Robotics+Semiconductors,4,4,0.654146652612408,-9.268421052631581,1276,False
Crypto+Defense+Energy+FinTech+Logistics+Quantum+Robotics+Semiconductors,8,11,0.6562542755094518,-6.500000000000005,1277,False
Crypto+Data/AI+Defense+FinTech+Logistics+Robotics+SaaS,7,11,0.6562542755094518,-6.500000000000005,1278,False
FinTech+Logistics+Quantum+Semiconductors,4,6,0.6562542755094518,-0.2684210526315729,1279,False
AI+Energy+Quantum+Robotics,4,6,0.6562542755094518,-6.700000000000006,1280,False
AI+Data/AI+Energy+Logistics+Quantum+Robotics+SaaS+Semiconductors,8,11,0.6562542755094518,-10.80000000000001,1281,False
Crypto+FinTech+Robotics+Semiconductors,4,6,0.6562542755094518,0.20000000000000018,1282,False
Crypto+Data/AI+Defense+Energy+FinTech+Logistics+Quantum,7,11,0.6562542755094518,-6.727777777777776,1283,False
Crypto+Data/AI+FinTech,3,6,0.6562542755094518,0.0861111111111148,1284,False
FinTech+SaaS+Semiconductors,3,5,0.6634493946104321,6.700000000000006,1285,False
AI+Crypto+Logistics,3,5,0.6634493946104321,-0.20000000000000018,1286,False
AI+Crypto+Defense+Energy+Logistics+Quantum+Robotics+SaaS+Semiconductors,9,12,0.6634493946104321,-6.700000000000006,1287,False
AI+Crypto+Data/AI+Defense+Energy+Logistics+Quantum+SaaS,8,12,0.6634493946104321,-6.813888888888892,1288,True
Crypto+Data/AI+Defense+Quantum+Robotics+SaaS,6,8,0.667593689526127,-8.913888888888893,1289,False
AI+Crypto+FinTech+SaaS+Semiconductors,5,9,0.667593689526127,8.913888888888893,1290,False
AI+Energy+FinTech+Quantum,4,8,0.667593689526127,6.500000000000005,1291,False
Data/AI+Defense+Energy+Logistics+Quantum+Robotics+SaaS,7,9,0.667593689526127,-9.027777777777779,1292,False
AI+FinTech+Logistics+Quantum+Robotics,5,9,0.667593689526127,-2.0939851268591494,1293,False
AI+FinTech+Robotics+SaaS,4,8,0.667593689526127,6.727777777777776,1294,False
Crypto+Data/AI+Energy+Logistics+Robotics+Semiconductors,6,7,0.6698229644284641,-9.027777777777779,1295,False
AI+Energy+FinTech+Logistics+SaaS+Semiconductors,6,10,0.6698229644284641,6.500000000000005,1296,False
Crypto+Defense+Energy+Logistics+SaaS+Semiconductors,6,7,0.6698229644284641,-7.4368421052631515,1297,False
Crypto+Data/AI+Defense+Energy+Logistics+Quantum+SaaS+Semiconductors,8,10,0.6698229644284641,-9.382309941520466,1298,False
AI+Crypto+FinTech+Logistics+Quantum+Semiconductors,6,10,0.6698229644284641,6.500000000000005,1299,False
Energy+Quantum+Semiconductors,3,3,0.6704763881016557,-18.033333333333324,1300,False
Robotics+SaaS+Semiconductors,3,3,0.6704763881016557,-6.500000000000005,1301,False
Data/AI+SaaS,2,3,0.6704763881016557,-6.727777777777776,1302,False
AI+Crypto+Data/AI+Energy+FinTech+Logistics,6,11,0.6745615772115421,-2.2078740157480348,1303,False
Crypto+Defense+Logistics+Quantum+Robotics,5,6,0.6745615772115421,-9.268421052631581,1304,False
Crypto+Data/AI+Logistics+Quantum+Semiconductors,5,6,0.6745615772115421,-9.382309941520466,1305,False
Defense+Energy+Logistics+Robotics+SaaS,5,6,0.6745615772115421,-9.268421052631581,1306,False
AI+Data/AI+FinTech+Quantum+Robotics+SaaS,6,11,0.6745615772115421,-1.7394529631164617,1307,False
Data/AI+Energy+Logistics+SaaS+Semiconductors,5,6,0.6745615772115421,-9.382309941520466,1308,False
AI+Crypto+Energy+FinTech+Logistics+Robotics+Semiconductors,7,11,0.6745615772115421,-2.0939851268591494,1309,False
Crypto+Data/AI+Defense+Energy+FinTech+Quantum+Robotics+SaaS+Semiconductors,9,13,0.6747935253205976,-6.500000000000005,1310,False
Crypto+Defense+Robotics+SaaS,4,5,0.6824755552741326,-6.500000000000005,1311,False
Data/AI+Logistics+Quantum+Robotics,4,5,0.6824755552741326,-9.027777777777779,1312,False
AI+Crypto+Data/AI+FinTech+Quantum+SaaS+Semiconductors,7,12,0.6824755552741326,6.500000000000005,1313,False
Defense+Logistics+Quantum+SaaS,4,5,0.6824755552741326,-7.4368421052631515,1314,False
AI+Crypto+Defense+FinTech+Quantum+Robotics+SaaS,7,12,0.6824755552741326,6.727777777777776,1315,False
Crypto+Data/AI+SaaS+Semiconductors,4,5,0.6824755552741326,-6.727777777777776,1316,False
Crypto+Defense+Energy+Quantum,4,5,0.6824755552741326,-18.033333333333324,1317,False
AI+Crypto+Defense+Logistics+Quantum+SaaS,6,9,0.6848910950303622,-0.20000000000000018,1318,False
AI+Crypto+Data/AI+Robotics+SaaS,5,8,0.6848910950303622,-6.700000000000006,1319,False
AI+Crypto+Energy+Quantum+Robotics+Semiconductors,6,8,0.6848910950303622,-6.700000000000006,1320,False
AI+Data/AI+Logistics+Quantum+SaaS,5,8,0.6848910950303622,-6.813888888888892,1321,False
Defense+Energy+FinTech+Logistics+SaaS,5,8,0.6848910950303622,-0.2684210526315729,1322,False
Crypto+Defense+FinTech+Logistics+Quantum,5,8,0.6848910950303622,-0.2684210526315729,1323,False
Data/AI+Energy+FinTech+Logistics+Robotics,5,8,0.6848910950303622,-8.913888888888893,1324,False
AI+Data/AI+Energy+Logistics+Robotics+SaaS,6,9,0.6848910950303622,-10.80000000000001,1325,False
AI+Crypto+Data/AI+Logistics+Quantum+Robotics,6,9,0.6848910950303622,-10.80000000000001,1326,False
Crypto+Defense+Energy+FinTech+Logistics+Robotics,6,9,0.6848910950303622,-6.500000000000005,1327,False
AI+Logistics+Quantum+Robotics+SaaS+Semiconductors,6,8,0.6848910950303622,-6.700000000000006,1328,False
Crypto+Data/AI+Energy+FinTech+Logistics+Semiconductors,6,9,0.6848910950303622,-6.727777777777776,1329,False
AI+Crypto+Data/AI+Energy+Quantum,5,8,0.6848910950303622,-6.813888888888892,1330,False
Data/AI+FinTech+Quantum+Robotics+SaaS+Semiconductors,6,9,0.6848910950303622,-6.500000000000005,1331,False
Crypto+Data/AI+Defense+FinTech+Quantum+SaaS,6,10,0.6873133660202011,0.0861111111111148,1332,False
Crypto+Defense+FinTech+Quantum+Robotics+SaaS+Semiconductors,7,10,0.6873133660202011,0.20000000000000018,1333,False
AI+Energy+Quantum+SaaS+Semiconductors,5,7,0.6873133660202011,-0.20000000000000018,1334,False
Crypto+Data/AI+FinTech+Robotics,4,7,0.6873133660202011,-6.500000000000005,1335,False
Crypto+Defense+FinTech+SaaS,4,7,0.6873133660202011,6.700000000000006,1336,False
AI+Crypto+Defense+Energy+Logistics+Robotics+SaaS,7,10,0.6873133660202011,-6.700000000000006,1337,False
AI+Crypto+Data/AI+Energy+Logistics+SaaS+Semiconductors,7,10,0.6873133660202011,-6.813888888888892,1338,False
FinTech+Logistics+Quantum+Robotics+Semiconductors,5,7,0.6873133660202011,-6.500000000000005,1339,False
Data/AI+FinTech+Logistics+Quantum,4,7,0.6873133660202011,-6.727777777777776,1340,False
Crypto+Data/AI+Defense+Energy+FinTech+Robotics+SaaS,7,11,0.6924570831315718,-6.500000000000005,1341,False
Data/AI+Defense+Energy+FinTech+Logistics+Quantum+SaaS,7,11,0.6924570831315718,-6.727777777777776,1342,False
Data/AI+FinTech+SaaS,3,6,0.6924570831315718,0.0861111111111148,1343,False
Energy+FinTech+Quantum+Semiconductors,4,6,0.6924570831315718,-5.566666666666658,1344,False
Defense+Energy+FinTech+Logistics+Quantum+Robotics+SaaS+Semiconductors,8,11,0.6924570831315718,-6.500000000000005,1345,False
AI+Crypto+Logistics+Robotics,4,6,0.6924570831315718,-6.700000000000006,1346,False
FinTech+Robotics+SaaS+Semiconductors,4,6,0.6924570831315718,0.20000000000000018,1347,False
Data/AI+Energy+Quantum,3,4,0.6949172256795997,-14.680555555555552,1348,False
AI+Data/AI+Energy+FinTech+Logistics+Quantum+SaaS+Semiconductors,8,13,0.6949172256795997,-2.2078740157480348,1349,False
AI+Crypto+Data/AI+Energy+FinTech+Robotics+SaaS+Semiconductors,8,13,0.6949172256795997,-1.7394529631164617,1350,False
Data/AI+Robotics+SaaS,3,4,0.6949172256795997,-8.913888888888893,1351,False
Energy+Quantum+Robotics+Semiconductors,4,4,0.6949172256795997,-14.566666666666666,1352,False
AI+Defense+Energy+FinTech+Logistics+Quantum+Robotics+SaaS,8,13,0.6949172256795997,-10.086111111111112,1353,False
AI+Crypto+Data/AI+Defense+Energy+FinTech+Quantum+Robotics+SaaS,9,15,0.6991889207148513,-9.731578947368426,1354,True
Crypto+Data/AI+Defense+Energy+FinTech+Logistics+Quantum+Robotics,8,12,0.7010314967873778,-8.913888888888893,1355,False
AI+Crypto+Energy,3,5,0.7010314967873778,-0.20000000000000018,1356,False
AI+Logistics+SaaS,3,5,0.7010314967873778,-0.20000000000000018,1357,False
AI+Energy+FinTech+Quantum+Robotics,5,9,0.7017922919742728,-2.0939851268591494,1358,False
AI+Crypto+FinTech+Logistics,4,8,0.7017922919742728,6.500000000000005,1359,False
Crypto+Data/AI+Defense+Energy+Logistics+SaaS,6,8,0.7017922919742728,-9.382309941520466,1360,False
Crypto+Defense+Energy+Logistics+Robotics+SaaS+Semiconductors,7,8,0.7017922919742728,-9.268421052631581,1361,False
Data/AI+Energy+Logistics+Robotics+SaaS+Semiconductors,6,7,0.7043918298964544,-9.027777777777779,1362,False
AI+Crypto+Data/AI+FinTech+SaaS,5,10,0.7043918298964544,6.500000000000005,1363,False
Crypto+Data/AI+Logistics+Quantum+Robotics+Semiconductors,6,7,0.7043918298964544,-9.027777777777779,1364,False
AI+Crypto+Energy+FinTech+Quantum+Semiconductors,6,10,0.7043918298964544,6.500000000000005,1365,False
AI+FinTech+Logistics+Quantum+SaaS+Semiconductors,6,10,0.7043918298964544,6.500000000000005,1366,False
AI+Crypto+FinTech+Robotics+SaaS+Semiconductors,6,10,0.7043918298964544,6.727777777777776,1367,False
Crypto+Defense+Logistics+Quantum+SaaS+Semiconductors,6,7,0.7043918298964544,-7.4368421052631515,1368,False
AI+Crypto+Data/AI+FinTech+Logistics+Quantum,6,11,0.7099058927931343,-2.2078740157480348,1369,False
Crypto+Defense+Energy+Quantum+Robotics,5,6,0.7099058927931343,-14.566666666666666,1370,False
Data/AI+Logistics+Quantum+SaaS+Semiconductors,5,6,0.7099058927931343,-9.382309941520466,1371,False
AI+Crypto+FinTech+Logistics+Quantum+Robotics+Semiconductors,7,11,0.7099058927931343,-2.0939851268591494,1372,False
Crypto+Data/AI+Defense+Energy+Logistics+Quantum+Robotics+SaaS+Semiconductors,9,11,0.7099058927931343,-9.027777777777779,1373,False
Crypto+Data/AI+Energy+Quantum+Semiconductors,5,6,0.7099058927931343,-14.680555555555552,1374,False
Defense+Logistics+Quantum+Robotics+SaaS,5,6,0.7099058927931343,-9.268421052631581,1375,False
Crypto+Data/AI+Robotics+SaaS+Semiconductors,5,6,0.7099058927931343,-8.913888888888893,1376,False
AI+Data/AI+Energy+FinTech+Logistics+SaaS,6,11,0.7099058927931343,-2.2078740157480348,1377,False
AI+Energy+FinTech+Logistics+Robotics+SaaS+Semiconductors,7,11,0.7099058927931343,-2.0939851268591494,1378,False
AI+Crypto+Data/AI+Defense+Energy+Logistics+Quantum+Robotics+SaaS,9,13,0.7144681862156789,-10.80000000000001,1379,True
FinTech+Logistics,2,4,0.7144681862156789,-0.2684210526315729,1380,False
AI+Crypto+Data/AI+Energy+FinTech+Logistics+Quantum+Robotics+Semiconductors,9,14,0.7147429172573452,-10.715748031496076,1381,False
Crypto+Logistics+Semiconductors,3,3,0.7147429172573452,-7.4368421052631515,1382,False
AI+Crypto+Defense+Energy+FinTech+Logistics+Quantum+SaaS+Semiconductors,9,14,0.7147429172573452,6.500000000000005,1383,False
Data/AI+Energy+FinTech+Logistics+SaaS+Semiconductors,6,9,0.7182681335670684,-6.727777777777776,1384,False
Defense+FinTech+Logistics+Quantum+SaaS,5,8,0.7182681335670684,-0.2684210526315729,1385,False
Crypto+Defense+Energy+FinTech+Quantum,5,8,0.7182681335670684,-5.566666666666658,1386,False
AI+Crypto+Defense+Energy+Quantum+SaaS,6,9,0.7182681335670684,-0.20000000000000018,1387,False
AI+Crypto+Data/AI+Energy+Quantum+Robotics,6,9,0.7182681335670684,-10.80000000000001,1388,False
Defense+Energy+FinTech+Logistics+Robotics+SaaS,6,9,0.7182681335670684,-6.500000000000005,1389,False
Crypto+Data/AI+FinTech+SaaS+Semiconductors,5,8,0.7182681335670684,0.0861111111111148,1390,False
AI+Data/AI+Energy+Quantum+SaaS,5,8,0.7182681335670684,-6.813888888888892,1391,False
AI+Data/AI+Logistics+Quantum+Robotics+SaaS,6,9,0.7182681335670684,-10.80000000000001,1392,False
Crypto+Defense+FinTech+Logistics+Quantum+Robotics,6,9,0.7182681335670684,-6.500000000000005,1393,False
Crypto+Defense+FinTech+Robotics+SaaS,5,8,0.7182681335670684,0.20000000000000018,1394,False
Crypto+Data/AI+FinTech+Logistics+Quantum+Semiconductors,6,9,0.7182681335670684,-6.727777777777776,1395,False
Data/AI+FinTech+Logistics+Quantum+Robotics,5,8,0.7182681335670684,-8.913888888888893,1396,False
AI+Energy+Quantum+Robotics+SaaS+Semiconductors,6,8,0.7182681335670684,-6.700000000000006,1397,False
Defense+Energy+Quantum+SaaS,4,5,0.7190785897875732,-18.033333333333324,1398,False
AI+Crypto+Defense+Energy+FinTech+Logistics+SaaS,7,12,0.7190785897875732,6.500000000000005,1399,False
AI+Crypto+Data/AI+Energy+FinTech+Logistics+Robotics,7,12,0.7190785897875732,-10.715748031496076,1400,False
Data/AI+Energy+Quantum+Robotics,4,5,0.7190785897875732,-9.027777777777779,1401,False
Data/AI+Energy+FinTech+Quantum,4,7,0.721028359304203,-6.727777777777776,1402,False
AI+Crypto+Logistics+SaaS+Semiconductors,5,7,0.721028359304203,-0.20000000000000018,1403,False
Crypto+Data/AI+Energy+FinTech+Logistics+Robotics+Semiconductors,7,10,0.721028359304203,-8.913888888888893,1404,False
Data/AI+FinTech+Robotics+SaaS,4,7,0.721028359304203,-6.500000000000005,1405,False
Crypto+Defense+Energy+FinTech+Logistics+SaaS+Semiconductors,7,10,0.721028359304203,-0.2684210526315729,1406,False
Energy+FinTech+Quantum+Robotics+Semiconductors,5,7,0.721028359304203,-6.500000000000005,1407,False
AI+Crypto+Data/AI+Logistics+Quantum+SaaS+Semiconductors,7,10,0.721028359304203,-6.813888888888892,1408,False
AI+Crypto+Defense+Logistics+Quantum+Robotics+SaaS,7,10,0.721028359304203,-6.700000000000006,1409,False
AI+Energy+Logistics+Quantum,4,6,0.7268762042154113,-7.1684210526315795,1410,False
AI+Logistics+Robotics+SaaS,4,6,0.7268762042154113,-6.700000000000006,1411,False
AI+Crypto+Energy+Robotics,4,6,0.7268762042154113,-6.700000000000006,1412,False
Crypto+Data/AI+Defense+FinTech+Quantum+Robotics+SaaS,7,11,0.7268762042154113,-6.500000000000005,1413,False
Crypto+FinTech+Logistics+Semiconductors,4,6,0.7268762042154113,-0.2684210526315729,1414,False
AI+Crypto+Data/AI+Energy+Logistics+Robotics+SaaS+Semiconductors,8,11,0.7268762042154113,-10.80000000000001,1415,False
Crypto+Logistics+Robotics+Semiconductors,4,4,0.7334018670229603,-9.268421052631581,1416,False
AI+Crypto+Data/AI+FinTech+Quantum+Robotics+SaaS+Semiconductors,8,13,0.7334018670229603,-1.7394529631164617,1417,False
Crypto+Data/AI+Logistics,3,4,0.7334018670229603,-9.382309941520466,1418,False
AI+Crypto+FinTech+Logistics+Robotics,5,9,0.7342921507743364,-2.0939851268591494,1419,False
AI+FinTech+Logistics+SaaS,4,8,0.7342921507743364,6.500000000000005,1420,False
Crypto+Defense+Logistics+Quantum+Robotics+SaaS+Semiconductors,7,8,0.7342921507743364,-9.268421052631581,1421,False
Crypto+Data/AI+Defense+Energy+Logistics+Robotics+SaaS,7,9,0.7342921507743364,-9.027777777777779,1422,False
Crypto+Data/AI+Defense+Logistics+Quantum+SaaS,6,8,0.7342921507743364,-9.382309941520466,1423,False
AI+Crypto+Energy+FinTech,4,8,0.7342921507743364,6.500000000000005,1424,False
AI+Energy+SaaS,3,5,0.7365820512950709,-0.20000000000000018,1425,False
Data/AI+Defense+Energy+FinTech+Logistics+Quantum+Robotics+SaaS,8,12,0.7365820512950709,-8.913888888888893,1426,False
FinTech+Logistics+Robotics,3,5,0.7365820512950709,-6.500000000000005,1427,False
AI+Crypto+Quantum,3,5,0.7365820512950709,-0.20000000000000018,1428,False
AI+Energy+FinTech+Quantum+SaaS+Semiconductors,6,10,0.7371958105890293,6.500000000000005,1429,False
Data/AI+Logistics+Quantum+Robotics+SaaS+Semiconductors,6,7,0.7371958105890293,-9.027777777777779,1430,False
Crypto+Data/AI+Energy+Quantum+Robotics+Semiconductors,6,7,0.7371958105890293,-9.027777777777779,1431,False
Crypto+Defense+Energy+Quantum+SaaS+Semiconductors,6,7,0.7371958105890293,-18.033333333333324,1432,False
AI+Crypto+Data/AI+Energy+FinTech+Quantum,6,11,0.7433394704529286,-2.2078740157480348,1433,False
AI+FinTech+Logistics+Quantum+Robotics+SaaS+Semiconductors,7,11,0.7433394704529286,-2.0939851268591494,1434,False
AI+Crypto+Data/AI+FinTech+Robotics+SaaS,6,11,0.7433394704529286,-1.7394529631164617,1435,False
AI+Crypto+Energy+FinTech+Quantum+Robotics+Semiconductors,7,11,0.7433394704529286,-2.0939851268591494,1436,False
Defense+Energy+Quantum+Robotics+SaaS,5,6,0.7433394704529286,-14.566666666666666,1437,False
AI+Data/AI+FinTech+Logistics+Quantum+SaaS,6,11,0.7433394704529286,-2.2078740157480348,1438,False
Data/AI+Energy+Quantum+SaaS+Semiconductors,5,6,0.7433394704529286,-14.680555555555552,1439,False
Logistics+Robotics,2,2,0.748963567489547,-9.268421052631581,1440,False
AI+Crypto+Logistics+Robotics+SaaS+Semiconductors,6,8,0.7498406632730328,-6.700000000000006,1441,False
AI+Crypto+Energy+Logistics+Quantum+Semiconductors,6,8,0.7498406632730328,-7.1684210526315795,1442,False
Crypto+Data/AI+Energy+FinTech+Quantum+Semiconductors,6,9,0.7498406632730328,-6.727777777777776,1443,False
Crypto+Data/AI+FinTech+Robotics+SaaS+Semiconductors,6,9,0.7498406632730328,-6.500000000000005,1444,False
AI+Crypto+Data/AI+Logistics+SaaS,5,8,0.7498406632730328,-6.813888888888892,1445,False
AI+Data/AI+Energy+Quantum+Robotics+SaaS,6,9,0.7498406632730328,-10.80000000000001,1446,False
Defense+Energy+FinTech+Quantum+SaaS,5,8,0.7498406632730328,-5.566666666666658,1447,False
Data/AI+Energy+FinTech+Quantum+Robotics,5,8,0.7498406632730328,-8.913888888888893,1448,False
Crypto+Defense+Energy+FinTech+Quantum+Robotics,6,9,0.7498406632730328,-6.500000000000005,1449,False
Defense+FinTech+Logistics+Quantum+Robotics+SaaS,6,9,0.7498406632730328,-6.500000000000005,1450,False
Data/AI+FinTech+Logistics+Quantum+SaaS+Semiconductors,6,9,0.7498406632730328,-6.727777777777776,1451,False
Crypto+Data/AI+Defense+Energy+FinTech+Logistics+Quantum+SaaS+Semiconductors,9,13,0.7516790263927529,-6.727777777777776,1452,False
Energy+FinTech,2,4,0.7516790263927529,-5.566666666666658,1453,False
AI+Crypto+Energy+SaaS+Semiconductors,5,7,0.7528700072841155,-0.20000000000000018,1454,False
Crypto+Defense+FinTech+Logistics+Quantum+SaaS+Semiconductors,7,10,0.7528700072841155,-0.2684210526315729,1455,False
AI+Energy+Logistics+Quantum+Robotics,5,7,0.7528700072841155,-10.80000000000001,1456,False
Crypto+FinTech+Logistics+Robotics+Semiconductors,5,7,0.7528700072841155,-6.500000000000005,1457,False
AI+Crypto+Data/AI+Energy+Quantum+SaaS+Semiconductors,7,10,0.7528700072841155,-6.813888888888892,1458,False
Crypto+Data/AI+FinTech+Logistics+Quantum+Robotics+Semiconductors,7,10,0.7528700072841155,-8.913888888888893,1459,False
Crypto+Data/AI+FinTech+Logistics,4,7,0.7528700072841155,-6.727777777777776,1460,False
AI+Crypto+Defense+Energy+Quantum+Robotics+SaaS,7,10,0.7528700072841155,-6.700000000000006,1461,False
Data/AI+Energy+FinTech+Logistics+Robotics+SaaS+Semiconductors,7,10,0.7528700072841155,-8.913888888888893,1462,False
AI+Crypto+Data/AI+FinTech+Logistics+Quantum+Robotics,7,12,0.7535111196062507,-10.715748031496076,1463,False
Crypto+Data/AI+Logistics+Robotics,4,5,0.7535111196062507,-9.027777777777779,1464,False
Crypto+Defense+Logistics+SaaS,4,5,0.7535111196062507,-7.4368421052631515,1465,False
AI+Crypto+Defense+FinTech+Logistics+Quantum+SaaS,7,12,0.7535111196062507,6.500000000000005,1466,False
AI+Data/AI+Energy+FinTech+Logistics+Robotics+SaaS,7,12,0.7535111196062507,-10.715748031496076,1467,False
AI+Data/AI+Energy+FinTech+Logistics+Quantum+Robotics+SaaS+Semiconductors,9,14,0.755958124002464,-10.715748031496076,1468,False
Crypto+Energy+Semiconductors,3,3,0.755958124002464,-18.033333333333324,1469,False
Logistics+SaaS+Semiconductors,3,3,0.755958124002464,-7.4368421052631515,1470,False
AI+Crypto+Quantum+Robotics,4,6,0.7592705194479861,-6.700000000000006,1471,False
Crypto+Data/AI+Defense+Energy+FinTech+Logistics+SaaS,7,11,0.7592705194479861,-6.727777777777776,1472,False
AI+Crypto+Data/AI+Logistics+Quantum+Robotics+SaaS+Semiconductors,8,11,0.7592705194479861,-10.80000000000001,1473,False
FinTech+Logistics+SaaS+Semiconductors,4,6,0.7592705194479861,-0.2684210526315729,1474,False
Crypto+Energy+FinTech+Semiconductors,4,6,0.7592705194479861,-5.566666666666658,1475,False
Crypto+Defense+Energy+FinTech+Logistics+Robotics+SaaS+Semiconductors,8,11,0.7592705194479861,-6.500000000000005,1476,False
AI+Energy+Robotics+SaaS,4,6,0.7592705194479861,-6.700000000000006,1477,False
AI+Energy+FinTech+SaaS,4,8,0.7648928619179681,6.500000000000005,1478,False
Crypto+Data/AI+Defense+Logistics+Quantum+Robotics+SaaS,7,9,0.7648928619179681,-9.027777777777779,1479,False
AI+Crypto+Energy+FinTech+Robotics,5,9,0.7648928619179681,-2.0939851268591494,1480,False
AI+Energy+FinTech+Logistics+Quantum,5,9,0.7648928619179681,-2.2078740157480348,1481,False
AI+FinTech+Logistics+Robotics+SaaS,5,9,0.7648928619179681,-2.0939851268591494,1482,False
Crypto+Defense+Energy+Quantum+Robotics+SaaS+Semiconductors,7,8,0.7648928619179681,-14.566666666666666,1483,False
AI+Crypto+FinTech+Quantum,4,8,0.7648928619179681,6.500000000000005,1484,False
Crypto+Data/AI+Defense+Energy+Quantum+SaaS,6,8,0.7648928619179681,-14.680555555555552,1485,False
Data/AI+Energy+Quantum+Robotics+SaaS+Semiconductors,6,7,0.7680298231471274,-9.027777777777779,1486,False
AI+Crypto+FinTech+Logistics+SaaS+Semiconductors,6,10,0.7680298231471274,6.500000000000005,1487,False
Crypto+Data/AI+Energy,3,4,0.769265916155199,-14.680555555555552,1488,False
Crypto+Energy+Robotics+Semiconductors,4,4,0.769265916155199,-14.566666666666666,1489,False
Data/AI+Logistics+SaaS,3,4,0.769265916155199,-9.382309941520466,1490,False
Energy+Logistics+Quantum+Semiconductors,4,4,0.769265916155199,-15.03508771929824,1491,False
AI+Crypto+Data/AI+Energy+FinTech+Logistics+SaaS+Semiconductors,8,13,0.769265916155199,-2.2078740157480348,1492,False
Logistics+Robotics+SaaS+Semiconductors,4,4,0.769265916155199,-9.268421052631581,1493,False
AI+Crypto+Defense+Energy+FinTech+Logistics+Robotics+SaaS,8,13,0.769265916155199,-10.086111111111112,1494,False
AI+Quantum+SaaS,3,5,0.7698391799659727,-0.20000000000000018,1495,False
Energy+FinTech+Robotics,3,5,0.7698391799659727,-6.500000000000005,1496,False
AI+Energy+FinTech+Quantum+Robotics+SaaS+Semiconductors,7,11,0.7746476367562255,-2.0939851268591494,1497,False
Crypto+Defense+Logistics+Robotics+SaaS,5,6,0.7746476367562255,-9.268421052631581,1498,False
Crypto+Data/AI+Logistics+SaaS+Semiconductors,5,6,0.7746476367562255,-9.382309941520466,1499,False
Crypto+Defense+Energy+Logistics+Quantum,5,6,0.7746476367562255,-15.03508771929824,1500,False
AI+Data/AI+Energy+FinTech+Quantum+SaaS,6,11,0.7746476367562255,-2.2078740157480348,1501,False
Crypto+Defense+FinTech+Logistics+SaaS,5,8,0.7794308625925791,-0.2684210526315729,1502,False
AI+Crypto+Energy+Robotics+SaaS+Semiconductors,6,8,0.7794308625925791,-6.700000000000006,1503,False
AI+Crypto+Data/AI+Energy+Logistics+Quantum,6,9,0.7794308625925791,-11.02777777777778,1504,False
AI+Crypto+Data/AI+Energy+SaaS,5,8,0.7794308625925791,-6.813888888888892,1505,False
AI+Crypto+Energy+Logistics+Quantum+Robotics+Semiconductors,7,9,0.7794308625925791,-10.80000000000001,1506,False
Defense+Energy+FinTech+Quantum+Robotics+SaaS,6,9,0.7794308625925791,-6.500000000000005,1507,False
Crypto+Data/AI+FinTech+Logistics+Robotics,5,8,0.7794308625925791,-8.913888888888893,1508,False
AI+Energy+Logistics+Quantum+SaaS+Semiconductors,6,8,0.7794308625925791,-7.1684210526315795,1509,False
Data/AI+Energy+FinTech+Quantum+SaaS+Semiconductors,6,9,0.7794308625925791,-6.727777777777776,1510,False
AI+Crypto+Data/AI+Logistics+Robotics+SaaS,6,9,0.7794308625925791,-10.80000000000001,1511,False
Crypto+Data/AI+Energy+FinTech+Quantum+Robotics+Semiconductors,7,10,0.7826572340827309,-8.913888888888893,1512,False
Crypto+Energy+FinTech+Robotics+Semiconductors,5,7,0.7826572340827309,-6.500000000000005,1513,False
Crypto+Defense+Energy+FinTech+Quantum+SaaS+Semiconductors,7,10,0.7826572340827309,-5.566666666666658,1514,False
AI+Crypto+Quantum+SaaS+Semiconductors,5,7,0.7826572340827309,-0.20000000000000018,1515,False
FinTech+Logistics+Robotics+SaaS+Semiconductors,5,7,0.7826572340827309,-6.500000000000005,1516,False
Data/AI+FinTech+Logistics+SaaS,4,7,0.7826572340827309,-6.727777777777776,1517,False
Crypto+Data/AI+Energy+FinTech,4,7,0.7826572340827309,-6.727777777777776,1518,False
Energy+FinTech+Logistics+Quantum+Semiconductors,5,7,0.7826572340827309,-7.4368421052631515,1519,False
Data/AI+FinTech+Logistics+Quantum+Robotics+SaaS+Semiconductors,7,10,0.7826572340827309,-8.913888888888893,1520,False
Data/AI+Energy+Logistics+Quantum,4,5,0.7855438408514228,-9.736842105263154,1521,False
Crypto+Data/AI+Energy+Robotics,4,5,0.7855438408514228,-9.027777777777779,1522,False
AI+Data/AI+FinTech+Logistics+Quantum+Robotics+SaaS,7,12,0.7855438408514228,-10.715748031496076,1523,False
AI+Crypto+Defense+Energy+FinTech+Quantum+SaaS,7,12,0.7855438408514228,6.500000000000005,1524,False
AI+Crypto+Data/AI+Energy+FinTech+Quantum+Robotics,7,12,0.7855438408514228,-10.715748031496076,1525,False
Crypto+Defense+Energy+SaaS,4,5,0.7855438408514228,-18.033333333333324,1526,False
Data/AI+Logistics+Robotics+SaaS,4,5,0.7855438408514228,-9.027777777777779,1527,False
Energy+Logistics+Quantum+Robotics+Semiconductors,5,5,0.7855438408514228,-9.736842105263154,1528,False
FinTech+Quantum,2,4,0.7861344011515661,-8.757142857142853,1529,False
Crypto+Defense+FinTech+Logistics+Quantum+Robotics+SaaS+Semiconductors,8,11,0.789452611272059,-6.500000000000005,1530,False
AI+Crypto+Energy+Logistics,4,6,0.789452611272059,-7.1684210526315795,1531,False
Crypto+FinTech+Quantum+Semiconductors,4,6,0.789452611272059,-8.757142857142853,1532,False
Crypto+Data/AI+Defense+FinTech+Logistics+Quantum+SaaS,7,11,0.789452611272059,-6.727777777777776,1533,False
Energy+FinTech+SaaS+Semiconductors,4,6,0.789452611272059,-5.566666666666658,1534,False
AI+Quantum+Robotics+SaaS,4,6,0.789452611272059,-6.700000000000006,1535,False
AI+Crypto+Data/AI+Energy+Quantum+Robotics+SaaS+Semiconductors,8,11,0.789452611272059,-10.80000000000001,1536,False
AI+Crypto+FinTech+Quantum+Robotics,5,9,0.7934397317114934,-2.0939851268591494,1537,False
Crypto+Data/AI+Defense+Energy+Quantum+Robotics+SaaS,7,9,0.7934397317114934,-9.027777777777779,1538,False
AI+Energy+FinTech+Robotics+SaaS,5,9,0.7934397317114934,-2.0939851268591494,1539,False
AI+FinTech+Quantum+SaaS,4,8,0.7934397317114934,6.500000000000005,1540,False
Energy+SaaS+Semiconductors,3,3,0.7937280910356626,-18.033333333333324,1541,False
Crypto+Quantum+Semiconductors,3,3,0.7937280910356626,-24.41428571428571,1542,False
Energy+Robotics,2,2,0.7940043575523601,-14.566666666666666,1543,False
AI+Crypto+Data/AI+Defense+Energy+FinTech+Logistics+Quantum+SaaS,9,15,0.7940043575523601,-10.2,1544,True
AI+Crypto+Defense+Energy+FinTech+Logistics+Quantum+Robotics+SaaS+Semiconductors,10,15,0.7940043575523601,-13.780140961857384,1545,False
Crypto+Data/AI+Logistics+Robotics+SaaS+Semiconductors,6,7,0.7967373393273762,-9.027777777777779,1546,False
AI+Energy+FinTech+Logistics+Quantum+Robotics,6,10,0.7967373393273762,-10.715748031496076,1547,False
Crypto+Defense+Energy+Logistics+Quantum+Robotics,6,7,0.7967373393273762,-9.736842105263154,1548,False
Crypto+Data/AI+Energy+Logistics+Quantum+Semiconductors,6,7,0.7967373393273762,-9.736842105263154,1549,False
AI+Crypto+Energy+FinTech+SaaS+Semiconductors,6,10,0.7967373393273762,6.500000000000005,1550,False
Crypto+Data/AI+Defense+Energy+FinTech+Logistics+Robotics+SaaS,8,12,0.8006069615128278,-8.913888888888893,1551,False
FinTech+Quantum+Robotics,3,5,0.8006069615128278,-6.500000000000005,1552,False
Crypto+Quantum+Robotics+Semiconductors,4,4,0.8022620037056589,-17.75714285714286,1553,False
Energy+Robotics+SaaS+Semiconductors,4,4,0.8022620037056589,-14.566666666666666,1554,False
AI+Crypto+Defense+FinTech+Logistics+Quantum+Robotics+SaaS,8,13,0.8022620037056589,-10.086111111111112,1555,False
Crypto+Data/AI+Quantum,3,4,0.8022620037056589,-17.871031746031747,1556,False
AI+Crypto+Data/AI+FinTech+Logistics+Quantum+SaaS+Semiconductors,8,13,0.8022620037056589,-2.2078740157480348,1557,False
Data/AI+Energy+SaaS,3,4,0.8022620037056589,-14.680555555555552,1558,False
AI+Crypto+Energy+FinTech+Logistics+Quantum+Semiconductors,7,11,0.8036707446271473,-2.2078740157480348,1559,False
Crypto+Defense+Energy+Robotics+SaaS,5,6,0.8036707446271473,-14.566666666666666,1560,False
AI+Crypto+Data/AI+FinTech+Logistics+SaaS,6,11,0.8036707446271473,-2.2078740157480348,1561,False
Defense+Energy+Logistics+Quantum+SaaS,5,6,0.8036707446271473,-15.03508771929824,1562,False
AI+Crypto+FinTech+Logistics+Robotics+SaaS+Semiconductors,7,11,0.8036707446271473,-2.0939851268591494,1563,False
Data/AI+Energy+Logistics+Quantum+Robotics,5,6,0.8036707446271473,-9.382309941520466,1564,False
Crypto+Data/AI+Energy+SaaS+Semiconductors,5,6,0.8036707446271473,-14.680555555555552,1565,False
AI+Energy+Logistics+Quantum+Robotics+SaaS+Semiconductors,7,9,0.8069074840207053,-10.80000000000001,1566,False
AI+Crypto+Data/AI+Energy+Robotics+SaaS,6,9,0.8069074840207053,-10.80000000000001,1567,False
Crypto+Data/AI+Energy+FinTech+Robotics,5,8,0.8069074840207053,-8.913888888888893,1568,False
Energy+FinTech+Logistics+Quantum+Robotics+Semiconductors,6,8,0.8069074840207053,-9.268421052631581,1569,False
AI+Crypto+Data/AI+Quantum+SaaS,5,8,0.8069074840207053,-6.813888888888892,1570,False
Crypto+Defense+Energy+FinTech+SaaS,5,8,0.8069074840207053,-5.566666666666658,1571,False
AI+Data/AI+Energy+Logistics+Quantum+SaaS,6,9,0.8069074840207053,-11.02777777777778,1572,False
AI+Crypto+Quantum+Robotics+SaaS+Semiconductors,6,8,0.8069074840207053,-6.700000000000006,1573,False
Data/AI+Energy+FinTech+Logistics+Quantum,5,8,0.8069074840207053,-9.382309941520466,1574,False
Crypto+Defense+Energy+FinTech+Logistics+Quantum,6,9,0.8069074840207053,-7.4368421052631515,1575,False
Data/AI+FinTech+Logistics+Robotics+SaaS,5,8,0.8069074840207053,-8.913888888888893,1576,False
Crypto+Defense+FinTech+Logistics+Robotics+SaaS,6,9,0.8069074840207053,-6.500000000000005,1577,False
Crypto+Data/AI+FinTech+Logistics+SaaS+Semiconductors,6,9,0.8069074840207053,-6.727777777777776,1578,False
Crypto+Data/AI+FinTech+Quantum,4,7,0.810258352691857,-6.727777777777776,1579,False
Energy+FinTech+Robotics+SaaS+Semiconductors,5,7,0.810258352691857,-6.500000000000005,1580,False
AI+Crypto+Data/AI+Energy+Logistics+Quantum+Robotics,7,10,0.810258352691857,-12.913888888888897,1581,False
Crypto+FinTech+Quantum+Robotics+Semiconductors,5,7,0.810258352691857,-6.500000000000005,1582,False
Data/AI+Energy+FinTech+Quantum+Robotics+SaaS+Semiconductors,7,10,0.810258352691857,-8.913888888888893,1583,False
AI+Crypto+Defense+Energy+Logistics+Quantum+SaaS,7,10,0.810258352691857,-7.1684210526315795,1584,False
AI+Crypto+Energy+Logistics+Robotics,5,7,0.810258352691857,-10.80000000000001,1585,False
Data/AI+Energy+FinTech+SaaS,4,7,0.810258352691857,-6.727777777777776,1586,False
Crypto+Data/AI+Defense+Energy+FinTech+Logistics+Quantum+Robotics+SaaS+Semiconductors,10,14,0.8112354062951022,-8.913888888888893,1587,False
AI+Data/AI+Energy+FinTech+Quantum+Robotics+SaaS,7,12,0.815014632189925,-10.715748031496076,1588,False
Crypto+Defense+Quantum+SaaS,4,5,0.815014632189925,-24.41428571428571,1589,False
Crypto+Data/AI+Quantum+Robotics,4,5,0.815014632189925,-9.027777777777779,1590,False
Data/AI+Energy+Robotics+SaaS,4,5,0.815014632189925,-9.027777777777779,1591,False
Crypto+Data/AI+Defense+Energy+FinTech+Quantum+SaaS,7,11,0.8172908254516051,-6.727777777777776,1592,False
Crypto+Defense+Energy+FinTech+Quantum+Robotics+SaaS+Semiconductors,8,11,0.8172908254516051,-6.500000000000005,1593,False
AI+Crypto+Logistics+Quantum,4,6,0.8172908254516051,-7.1684210526315795,1594,False
FinTech+Quantum+SaaS+Semiconductors,4,6,0.8172908254516051,-8.757142857142853,1595,False
AI+Energy+Logistics+SaaS,4,6,0.8172908254516051,-7.1684210526315795,1596,False
Crypto+Data/AI+Energy+Logistics+Quantum+Robotics+Semiconductors,7,8,0.8198250536967435,-9.382309941520466,1597,False
Crypto+Defense+Energy+Logistics+Quantum+SaaS+Semiconductors,7,8,0.8198250536967435,-15.03508771929824,1598,False
AI+FinTech+Quantum+Robotics+SaaS,5,9,0.8198250536967435,-2.0939851268591494,1599,False
AI+Crypto+Energy+FinTech+Logistics,5,9,0.8198250536967435,-2.2078740157480348,1600,False
Data/AI+Energy+Logistics+Quantum+SaaS+Semiconductors,6,7,0.8232115650487823,-9.736842105263154,1601,False
AI+Crypto+FinTech+Quantum+SaaS+Semiconductors,6,10,0.8232115650487823,6.500000000000005,1602,False
Crypto+Data/AI+Energy+Robotics+SaaS+Semiconductors,6,7,0.8232115650487823,-9.027777777777779,1603,False
Defense+Energy+Logistics+Quantum+Robotics+SaaS,6,7,0.8232115650487823,-9.736842105263154,1604,False
AI+Crypto+Data/AI+Energy+FinTech+Logistics+Robotics+SaaS+Semiconductors,9,14,0.8277957929895303,-10.715748031496076,1605,False
Quantum+SaaS+Semiconductors,3,3,0.8277957929895303,-24.41428571428571,1606,False
AI+Crypto+SaaS,3,5,0.8287571091410186,-0.20000000000000018,1607,False
Energy+FinTech+Logistics,3,5,0.8287571091410186,-7.4368421052631515,1608,False
Crypto+Data/AI+Defense+FinTech+Logistics+Quantum+Robotics+SaaS,8,12,0.8287571091410186,-8.913888888888893,1609,False
AI+Crypto+Data/AI+Energy+FinTech+SaaS,6,11,0.8303050701649306,-2.2078740157480348,1610,False
Crypto+Data/AI+Quantum+SaaS+Semiconductors,5,6,0.8303050701649306,-17.871031746031747,1611,False
Crypto+Defense+Quantum+Robotics+SaaS,5,6,0.8303050701649306,-17.75714285714286,1612,False
AI+Energy+FinTech+Logistics+Quantum+SaaS+Semiconductors,7,11,0.8303050701649306,-2.2078740157480348,1613,False
AI+Crypto+Energy+FinTech+Robotics+SaaS+Semiconductors,7,11,0.8303050701649306,-2.0939851268591494,1614,False
Crypto+Defense+Energy+FinTech+Robotics+SaaS,6,9,0.832186240073328,-6.500000000000005,1615,False
Data/AI+Energy+FinTech+Logistics+Quantum+Robotics,6,9,0.832186240073328,-11.035651793525814,1616,False
Defense+Energy+FinTech+Logistics+Quantum+SaaS,6,9,0.832186240073328,-7.4368421052631515,1617,False
Crypto+Data/AI+Energy+FinTech+SaaS+Semiconductors,6,9,0.832186240073328,-6.727777777777776,1618,False
Crypto+Defense+FinTech+Quantum+SaaS,5,8,0.832186240073328,-8.757142857142853,1619,False
AI+Crypto+Energy+Logistics+SaaS+Semiconductors,6,8,0.832186240073328,-7.1684210526315795,1620,False
AI+Crypto+Data/AI+Quantum+Robotics+SaaS,6,9,0.832186240073328,-10.80000000000001,1621,False
Crypto+Data/AI+FinTech+Quantum+Robotics,5,8,0.832186240073328,-8.913888888888893,1622,False
Data/AI+Energy+FinTech+Robotics+SaaS,5,8,0.832186240073328,-8.913888888888893,1623,False
AI+Crypto+Data/AI+Energy+FinTech+Quantum+SaaS+Semiconductors,8,13,0.8322326992696273,-2.2078740157480348,1624,False
Data/AI+Quantum+SaaS,3,4,0.8322326992696273,-17.871031746031747,1625,False
AI+Crypto+Defense+Energy+FinTech+Quantum+Robotics+SaaS,8,13,0.8322326992696273,-10.086111111111112,1626,False
Crypto+Energy+Logistics+Semiconductors,4,4,0.8322326992696273,-15.03508771929824,1627,False
Quantum+Robotics+SaaS+Semiconductors,4,4,0.8322326992696273,-17.75714285714286,1628,False
Quantum+Robotics,2,2,0.833866338250785,-17.75714285714286,1629,False
Crypto+Defense+Energy+FinTech+Logistics+Quantum+Robotics,7,10,0.8355912796101757,-9.268421052631581,1630,False
AI+Data/AI+Energy+Logistics+Quantum+Robotics+SaaS,7,10,0.8355912796101757,-12.913888888888897,1631,False
Crypto+Data/AI+FinTech+Logistics+Robotics+SaaS+Semiconductors,7,10,0.8355912796101757,-8.913888888888893,1632,False
AI+Crypto+Logistics+Quantum+Robotics,5,7,0.8355912796101757,-10.80000000000001,1633,False
Data/AI+FinTech+Quantum+SaaS,4,7,0.8355912796101757,-6.727777777777776,1634,False
Crypto+Energy+FinTech+Logistics+Semiconductors,5,7,0.8355912796101757,-7.4368421052631515,1635,False
Crypto+Data/AI+Energy+FinTech+Logistics+Quantum+Semiconductors,7,10,0.8355912796101757,-9.382309941520466,1636,False
FinTech+Quantum+Robotics+SaaS+Semiconductors,5,7,0.8355912796101757,-6.500000000000005,1637,False
AI+Energy+Logistics+Robotics+SaaS,5,7,0.8355912796101757,-10.80000000000001,1638,False
Crypto+Energy+Logistics+Robotics+Semiconductors,5,5,0.8418287072704536,-9.736842105263154,1639,False
Data/AI+Quantum+Robotics+SaaS,4,5,0.8418287072704536,-9.027777777777779,1640,False
AI+Crypto+Energy+FinTech+Logistics+Quantum+Robotics+Semiconductors,8,12,0.8418287072704536,-10.715748031496076,1641,False
AI+Crypto+Data/AI+FinTech+Logistics+Robotics+SaaS,7,12,0.8418287072704536,-10.715748031496076,1642,False
Crypto+Data/AI+Energy+Logistics,4,5,0.8418287072704536,-9.736842105263154,1643,False
AI+Crypto+Data/AI+Energy+FinTech+Logistics+Quantum,7,12,0.8418287072704536,-10.82963692038496,1644,False
AI+Crypto+Robotics+SaaS,4,6,0.8427090323938258,-6.700000000000006,1645,False
AI+Crypto+Energy+Quantum,4,6,0.8427090323938258,-12.466666666666665,1646,False
AI+Crypto+Data/AI+Energy+Logistics+Quantum+SaaS+Semiconductors,8,11,0.8427090323938258,-11.02777777777778,1647,False
Energy+FinTech+Logistics+Robotics,4,6,0.8427090323938258,-9.268421052631581,1648,False
AI+Logistics+Quantum+SaaS,4,6,0.8427090323938258,-7.1684210526315795,1649,False
AI+Crypto+Defense+Energy+Logistics+Quantum+Robotics+SaaS,8,11,0.8427090323938258,-10.80000000000001,1650,False
AI+Crypto+FinTech+SaaS,4,8,0.8439876296178077,6.500000000000005,1651,False
AI+Crypto+FinTech+Logistics+Quantum,5,9,0.8439876296178077,-2.2078740157480348,1652,False
AI+Energy+FinTech+Logistics+SaaS,5,9,0.8439876296178077,-2.2078740157480348,1653,False
Crypto+Data/AI+Defense+Energy+Logistics+Quantum+SaaS,7,9,0.8439876296178077,-9.736842105263154,1654,False
Data/AI+Energy+Logistics+Quantum+Robotics+SaaS+Semiconductors,7,8,0.8439876296178077,-9.382309941520466,1655,False
Crypto+Defense+Energy+Logistics+Quantum+Robotics+SaaS+Semiconductors,8,9,0.8439876296178077,-9.736842105263154,1656,False
Crypto+FinTech,2,4,0.8460585283088946,-10.810958904109587,1657,False
AI+Crypto+Energy+FinTech+Logistics+Robotics,6,10,0.847394721859489,-10.715748031496076,1658,False
Crypto+Data/AI+Quantum+Robotics+SaaS+Semiconductors,6,7,0.847394721859489,-9.027777777777779,1659,False
Crypto+FinTech+Robotics,3,5,0.8542276537091136,-6.500000000000005,1660,False
Crypto+Data/AI+Defense+Energy+FinTech+Quantum+Robotics+SaaS,8,12,0.8542276537091136,-8.913888888888893,1661,False
FinTech+Logistics+Quantum,3,5,0.8542276537091136,-7.4368421052631515,1662,False
Crypto+Defense+Energy+Logistics+SaaS,5,6,0.8545014834904656,-15.03508771929824,1663,False
AI+Crypto+Data/AI+FinTech+Quantum+SaaS,6,11,0.8545014834904656,-2.2078740157480348,1664,False
Crypto+Data/AI+Energy+Logistics+Robotics,5,6,0.8545014834904656,-9.382309941520466,1665,False
AI+Crypto+FinTech+Quantum+Robotics+SaaS+Semiconductors,7,11,0.8545014834904656,-2.0939851268591494,1666,False
Crypto+Energy+FinTech+Logistics+Robotics+Semiconductors,6,8,0.8552284960360769,-9.268421052631581,1667,False
AI+Crypto+Energy+Logistics+Robotics+SaaS+Semiconductors,7,9,0.8552284960360769,-10.80000000000001,1668,False
Data/AI+FinTech+Quantum+Robotics+SaaS,5,8,0.8552284960360769,-8.913888888888893,1669,False
AI+Crypto+Data/AI+Energy+Logistics+SaaS,6,9,0.8552284960360769,-11.02777777777778,1670,False
Crypto+Data/AI+FinTech+Quantum+SaaS+Semiconductors,6,9,0.8552284960360769,-6.727777777777776,1671,False
Crypto+Defense+FinTech+Quantum+Robotics+SaaS,6,9,0.8552284960360769,-6.500000000000005,1672,False
Crypto+Data/AI+Energy+FinTech+Logistics,5,8,0.8552284960360769,-9.382309941520466,1673,False
AI+Crypto+Logistics+Quantum+SaaS+Semiconductors,6,8,0.8552284960360769,-7.1684210526315795,1674,False
Energy+Logistics+Robotics,3,3,0.8580402771155387,-9.736842105263154,1675,False
AI+Crypto+Data/AI+FinTech+Logistics+Quantum+Robotics+SaaS+Semiconductors,9,14,0.8580402771155387,-10.715748031496076,1676,False
Crypto+Data/AI+Energy+FinTech+Robotics+SaaS+Semiconductors,7,10,0.8586219262780037,-8.913888888888893,1677,False
Data/AI+Energy+FinTech+Logistics+Quantum+SaaS+Semiconductors,7,10,0.8586219262780037,-9.382309941520466,1678,False
Crypto+FinTech+Logistics+Quantum+Semiconductors,5,7,0.8586219262780037,-7.4368421052631515,1679,False
Defense+Energy+FinTech+Logistics+Quantum+Robotics+SaaS,7,10,0.8586219262780037,-9.268421052631581,1680,False
Energy+FinTech+Logistics+SaaS+Semiconductors,5,7,0.8586219262780037,-7.4368421052631515,1681,False
AI+Logistics+Quantum+Robotics+SaaS,5,7,0.8586219262780037,-10.80000000000001,1682,False
AI+Crypto+Energy+Quantum+Robotics,5,7,0.8586219262780037,-10.80000000000001,1683,False
Energy+Logistics+SaaS+Semiconductors,4,4,0.8591085639003614,-15.03508771929824,1684,False
Crypto+Logistics+Quantum+Semiconductors,4,4,0.8591085639003614,-18.225563909774433,1685,False
Crypto+FinTech+SaaS+Semiconductors,4,6,0.8656842669422188,-10.810958904109587,1686,False
FinTech+Logistics+Quantum+Robotics,4,6,0.8656842669422188,-9.268421052631581,1687,False
AI+Energy+Quantum+SaaS,4,6,0.8656842669422188,-12.466666666666665,1688,False
Crypto+Defense+Energy+FinTech+Logistics+Quantum+SaaS+Semiconductors,8,11,0.8656842669422188,-7.4368421052631515,1689,False
Crypto+Data/AI+Energy+FinTech+Logistics+Quantum+Robotics+Semiconductors,8,11,0.8656842669422188,-11.035651793525814,1690,False
AI+FinTech+Logistics+Quantum+SaaS,5,9,0.8659106806005927,-2.2078740157480348,1691,False
AI+Crypto+FinTech+Robotics+SaaS,5,9,0.8659106806005927,-2.0939851268591494,1692,False
AI+Crypto+Energy+FinTech+Quantum,5,9,0.8659106806005927,-2.2078740157480348,1693,False
AI+Energy+FinTech+Logistics+Quantum+Robotics+SaaS+Semiconductors,8,12,0.8659559061822639,-10.715748031496076,1694,False
Energy+Logistics+Robotics+SaaS+Semiconductors,5,5,0.8659559061822639,-9.736842105263154,1695,False
Crypto+Data/AI+Logistics+Quantum,4,5,0.8659559061822639,-9.736842105263154,1696,False
Data/AI+Energy+Logistics+SaaS,4,5,0.8659559061822639,-9.736842105263154,1697,False
AI+Crypto+Data/AI+Energy+FinTech+Robotics+SaaS,7,12,0.8659559061822639,-10.715748031496076,1698,False
Crypto+Logistics+Quantum+Robotics+Semiconductors,5,5,0.8659559061822639,-9.736842105263154,1699,False
AI+Data/AI+Energy+FinTech+Logistics+Quantum+SaaS,7,12,0.8659559061822639,-10.82963692038496,1700,False
Energy+Logistics,2,2,0.8683701285577217,-15.03508771929824,1701,False
AI+Crypto+FinTech+Logistics+Quantum+Robotics,6,10,0.869275602234574,-10.715748031496076,1702,False
Crypto+Data/AI+Defense+Energy+Logistics+Quantum+Robotics+SaaS,8,10,0.869275602234574,-9.382309941520466,1703,False
AI+Energy+FinTech+Logistics+Robotics+SaaS,6,10,0.869275602234574,-10.715748031496076,1704,False
Crypto+Data/AI+Energy+Logistics+SaaS+Semiconductors,6,7,0.869275602234574,-9.736842105263154,1705,False
Crypto+Defense+Energy+Logistics+Robotics+SaaS,6,7,0.869275602234574,-9.736842105263154,1706,False
FinTech+SaaS,2,4,0.8713868826895468,-10.810958904109587,1707,False
Crypto+Data/AI+Energy+FinTech+Logistics+Robotics,6,9,0.8760384549693914,-11.035651793525814,1708,False
AI+Crypto+Logistics+Quantum+Robotics+SaaS+Semiconductors,7,9,0.8760384549693914,-10.80000000000001,1709,False
Crypto+Data/AI+FinTech+Logistics+Quantum,5,8,0.8760384549693914,-9.382309941520466,1710,False
Energy+FinTech+Logistics+Robotics+SaaS+Semiconductors,6,8,0.8760384549693914,-9.268421052631581,1711,False
Crypto+FinTech+Logistics+Quantum+Robotics+Semiconductors,6,8,0.8760384549693914,-9.268421052631581,1712,False
Crypto+Defense+Energy+FinTech+Logistics+SaaS,6,9,0.8760384549693914,-7.4368421052631515,1713,False
Data/AI+Energy+FinTech+Logistics+SaaS,5,8,0.8760384549693914,-9.382309941520466,1714,False
AI+Crypto+Energy+Quantum+SaaS+Semiconductors,6,8,0.8760384549693914,-12.466666666666665,1715,False
AI+Crypto+Data/AI+Logistics+Quantum+SaaS,6,9,0.8760384549693914,-11.02777777777778,1716,False
AI+Crypto+Energy+FinTech+Logistics+SaaS+Semiconductors,7,11,0.8762621297186872,-2.2078740157480348,1717,False
Data/AI+Energy+Logistics+Robotics+SaaS,5,6,0.8762621297186872,-9.382309941520466,1718,False
Crypto+Data/AI+Logistics+Quantum+Robotics,5,6,0.8762621297186872,-9.382309941520466,1719,False
Crypto+Defense+Logistics+Quantum+SaaS,5,6,0.8762621297186872,-18.225563909774433,1720,False
AI+Crypto+Data/AI+Energy+Logistics+Quantum+Robotics+SaaS+Semiconductors,9,12,0.8770189403834278,-12.913888888888897,1721,False
FinTech+Robotics+SaaS,3,5,0.8770189403834278,-6.500000000000005,1722,False
Energy+FinTech+Quantum,3,5,0.8770189403834278,-18.033333333333324,1723,False
Crypto+Data/AI+FinTech+Quantum+Robotics+SaaS+Semiconductors,7,10,0.8793609815877679,-8.913888888888893,1724,False
Crypto+FinTech+Robotics+SaaS+Semiconductors,5,7,0.8793609815877679,-6.500000000000005,1725,False
Crypto+Energy+FinTech+Quantum+Semiconductors,5,7,0.8793609815877679,-18.033333333333324,1726,False
Crypto+Data/AI+FinTech+SaaS,4,7,0.8793609815877679,-6.727777777777776,1727,False
FinTech+Logistics+Quantum+SaaS+Semiconductors,5,7,0.8793609815877679,-7.4368421052631515,1728,False
AI+Energy+Quantum+Robotics+SaaS,5,7,0.8793609815877679,-10.80000000000001,1729,False
AI+Crypto+Data/AI+Energy+Logistics+Robotics+SaaS,7,10,0.8793609815877679,-12.913888888888897,1730,False
Crypto+Energy+Quantum+Semiconductors,4,4,0.8829021177883887,-23.52380952380952,1731,False
Crypto+Robotics+SaaS+Semiconductors,4,4,0.8829021177883887,-24.575000000000003,1732,False
Logistics+Quantum+SaaS+Semiconductors,4,4,0.8829021177883887,-18.225563909774433,1733,False
AI+Crypto+Defense+Energy+FinTech+Logistics+Quantum+SaaS,8,13,0.8829021177883887,-10.2,1734,False
Crypto+Data/AI+SaaS,3,4,0.8829021177883887,-24.688888888888886,1735,False
AI+Crypto+Data/AI+Energy+FinTech+Logistics+Quantum+Robotics,8,13,0.8829021177883887,-20.80787401574804,1736,False
AI+Crypto+Data/AI+Energy+FinTech+Quantum+Robotics+SaaS+Semiconductors,9,14,0.8844678105187838,-10.715748031496076,1737,False
Logistics+Quantum+Robotics,3,3,0.8844678105187838,-9.736842105263154,1738,False
Crypto+SaaS+Semiconductors,3,3,0.8844678105187838,-38.04999999999999,1739,False
AI+Energy+FinTech+Quantum+SaaS,5,9,0.8856183688934149,-2.2078740157480348,1740,False
Crypto+Data/AI+Energy+Logistics+Robotics+SaaS+Semiconductors,7,8,0.8856183688934149,-9.382309941520466,1741,False
Data/AI+Energy+FinTech+Logistics+Quantum+Robotics+SaaS+Semiconductors,8,11,0.8862425337921267,-11.035651793525814,1742,False
Energy+FinTech+Quantum+Robotics,4,6,0.8862425337921267,-14.566666666666666,1743,False
AI+Crypto+Logistics+SaaS,4,6,0.8862425337921267,-7.1684210526315795,1744,False
Data/AI+Logistics+Quantum+SaaS,4,5,0.8874255108583553,-9.736842105263154,1745,False
Crypto+Data/AI+Robotics+SaaS,4,5,0.8874255108583553,-9.027777777777779,1746,False
Crypto+Data/AI+Energy+Quantum,4,5,0.8874255108583553,-20.333333333333325,1747,False
Crypto+Energy+Quantum+Robotics+Semiconductors,5,5,0.8874255108583553,-20.333333333333325,1748,False
Logistics+Quantum+Robotics+SaaS+Semiconductors,5,5,0.8874255108583553,-9.736842105263154,1749,False
AI+Crypto+Data/AI+FinTech+Quantum+Robotics+SaaS,7,12,0.8874255108583553,-10.715748031496076,1750,False
AI+FinTech+Logistics+Quantum+Robotics+SaaS,6,10,0.8888856506795868,-10.715748031496076,1751,False
AI+Crypto+Energy+FinTech+Quantum+Robotics,6,10,0.8888856506795868,-10.715748031496076,1752,False
Crypto+Defense+Logistics+Quantum+Robotics+SaaS,6,7,0.8888856506795868,-9.736842105263154,1753,False
Crypto+Data/AI+Logistics+Quantum+SaaS+Semiconductors,6,7,0.8888856506795868,-9.736842105263154,1754,False
Crypto+Energy+FinTech+Quantum+Robotics+Semiconductors,6,8,0.8946590852947811,-14.566666666666666,1755,False
Data/AI+FinTech+Logistics+Quantum+SaaS,5,8,0.8946590852947811,-9.382309941520466,1756,False
AI+Crypto+Energy+Quantum+Robotics+SaaS+Semiconductors,7,9,0.8946590852947811,-10.80000000000001,1757,False
Crypto+Defense+FinTech+Logistics+Quantum+SaaS,6,9,0.8946590852947811,-7.4368421052631515,1758,False
Data/AI+Energy+FinTech+Logistics+Robotics+SaaS,6,9,0.8946590852947811,-11.035651793525814,1759,False
Crypto+Data/AI+FinTech+Logistics+Quantum+Robotics,6,9,0.8946590852947811,-11.035651793525814,1760,False
Crypto+Data/AI+Energy+FinTech+Quantum,5,8,0.8946590852947811,-14.680555555555552,1761,False
FinTech+Logistics+Quantum+Robotics+SaaS+Semiconductors,6,8,0.8946590852947811,-9.268421052631581,1762,False
Crypto+Data/AI+FinTech+Robotics+SaaS,5,8,0.8946590852947811,-8.913888888888893,1763,False
AI+Crypto+Data/AI+Energy+Quantum+SaaS,6,9,0.8946590852947811,-11.02777777777778,1764,False
AI+Crypto+FinTech+Logistics+Quantum+SaaS+Semiconductors,7,11,0.8956354511922954,-2.2078740157480348,1765,False
Crypto+Defense+Energy+Quantum+SaaS,5,6,0.8956354511922954,-23.52380952380952,1766,False
Crypto+Data/AI+Energy+Quantum+Robotics,5,6,0.8956354511922954,-14.680555555555552,1767,False
Data/AI+Logistics+Quantum+Robotics+SaaS,5,6,0.8956354511922954,-9.382309941520466,1768,False
Crypto+FinTech+Logistics,3,5,0.8971873900884322,-7.4368421052631515,1769,False
Crypto+Data/AI+Defense+Energy+FinTech+Logistics+Quantum+SaaS,8,12,0.8971873900884322,-9.382309941520466,1770,False
Crypto+Defense+Energy+FinTech+Logistics+Quantum+Robotics+SaaS+Semiconductors,9,12,0.8971873900884322,-9.268421052631581,1771,False
Logistics+Quantum,2,2,0.8975800095721154,-18.225563909774433,1772,False
Crypto+Robotics,2,2,0.8975800095721154,-24.575000000000003,1773,False
AI+Crypto+Logistics+Robotics+SaaS,5,7,0.8978593694801513,-10.80000000000001,1774,False
Crypto+Data/AI+Energy+FinTech+Logistics+SaaS+Semiconductors,7,10,0.8978593694801513,-9.382309941520466,1775,False
Crypto+Defense+Energy+FinTech+Logistics+Robotics+SaaS,7,10,0.8978593694801513,-9.268421052631581,1776,False
AI+Crypto+Energy+Logistics+Quantum,5,7,0.8978593694801513,-11.736842105263156,1777,False
AI+Crypto+Data/AI+Logistics+Quantum+Robotics+SaaS,7,10,0.8978593694801513,-12.913888888888897,1778,False
Energy+FinTech+Quantum+SaaS+Semiconductors,5,7,0.8978593694801513,-18.033333333333324,1779,False
Crypto+Data/AI+Logistics+Quantum+Robotics+SaaS+Semiconductors,7,8,0.9031712052404846,-9.382309941520466,1780,False
AI+Crypto+FinTech+Logistics+SaaS,5,9,0.9031712052404846,-2.2078740157480348,1781,False
Energy+Quantum+SaaS+Semiconductors,4,4,0.9036984827450067,-23.52380952380952,1782,False
AI+Data/AI+Energy+FinTech+Logistics+Quantum+Robotics+SaaS,8,13,0.9036984827450067,-20.80787401574804,1783,False
AI+Crypto+Energy+SaaS,4,6,0.9044531460174388,-12.466666666666665,1784,False
Crypto+FinTech+Logistics+Robotics,4,6,0.9044531460174388,-9.268421052631581,1785,False
Crypto+Data/AI+Energy+Quantum+SaaS+Semiconductors,6,7,0.9062938806740571,-20.333333333333325,1786,False
Crypto+Defense+Energy+Quantum+Robotics+SaaS,6,7,0.9062938806740571,-20.333333333333325,1787,False
AI+Energy+FinTech+Quantum+Robotics+SaaS,6,10,0.9062938806740571,-10.715748031496076,1788,False
AI+Crypto+Data/AI+Energy+FinTech+Logistics+SaaS,7,12,0.9063190905494996,-10.82963692038496,1789,False
Energy+Quantum+Robotics+SaaS+Semiconductors,5,5,0.9063190905494996,-20.333333333333325,1790,False
AI+Crypto+Energy+FinTech+Logistics+Robotics+SaaS+Semiconductors,8,12,0.9063190905494996,-10.715748031496076,1791,False
Data/AI+Energy+Quantum+SaaS,4,5,0.9063190905494996,-20.333333333333325,1792,False
Energy+Quantum+Robotics,3,3,0.9071964889766547,-20.333333333333325,1793,False
AI+Crypto+Energy+Logistics+Quantum+Robotics,6,8,0.9111670853359242,-13.268421052631584,1794,False
Data/AI+Energy+FinTech+Quantum+SaaS,5,8,0.9111670853359242,-14.680555555555552,1795,False
Crypto+Data/AI+Energy+FinTech+Quantum+Robotics,6,9,0.9111670853359242,-11.035651793525814,1796,False
Data/AI+FinTech+Logistics+Quantum+Robotics+SaaS,6,9,0.9111670853359242,-11.035651793525814,1797,False
Crypto+Defense+Energy+FinTech+Quantum+SaaS,6,9,0.9111670853359242,-18.033333333333324,1798,False
Energy+FinTech+Quantum+Robotics+SaaS+Semiconductors,6,8,0.9111670853359242,-14.566666666666666,1799,False
Data/AI+Energy+Quantum+Robotics+SaaS,5,6,0.9127099468217754,-14.680555555555552,1800,False
AI+Crypto+Energy+FinTech+Quantum+SaaS+Semiconductors,7,11,0.9127099468217754,-2.2078740157480348,1801,False
Crypto+FinTech+Logistics+SaaS+Semiconductors,5,7,0.9142027114635838,-7.4368421052631515,1802,False
AI+Energy+Logistics+Quantum+SaaS,5,7,0.9142027114635838,-11.736842105263156,1803,False
Crypto+Defense+FinTech+Logistics+Quantum+Robotics+SaaS,7,10,0.9142027114635838,-9.268421052631581,1804,False
Crypto+Data/AI+FinTech+Logistics+Quantum+SaaS+Semiconductors,7,10,0.9142027114635838,-9.382309941520466,1805,False
AI+Crypto+Data/AI+Energy+Quantum+Robotics+SaaS,7,10,0.9142027114635838,-12.913888888888897,1806,False
AI+Crypto+Energy+Robotics+SaaS,5,7,0.9142027114635838,-10.80000000000001,1807,False
Crypto+Energy+FinTech,3,5,0.914837574513739,-18.033333333333324,1808,False
FinTech+Logistics+SaaS,3,5,0.914837574513739,-7.4368421052631515,1809,False
AI+Crypto+Energy+FinTech+SaaS,5,9,0.9186606500228718,-2.2078740157480348,1810,False
Crypto+Data/AI+Energy+Quantum+Robotics+SaaS+Semiconductors,7,8,0.9186606500228718,-14.680555555555552,1811,False
Crypto+Data/AI+Energy+FinTech+Logistics+Robotics+SaaS+Semiconductors,8,11,0.9204220127399902,-11.035651793525814,1812,False
AI+Crypto+Quantum+SaaS,4,6,0.9204220127399902,-15.657142857142858,1813,False
FinTech+Logistics+Robotics+SaaS,4,6,0.9204220127399902,-9.268421052631581,1814,False
Energy+FinTech+Logistics+Quantum,4,6,0.9204220127399902,-15.03508771929824,1815,False
Crypto+Energy+FinTech+Robotics,4,6,0.9204220127399902,-14.566666666666666,1816,False
AI+Crypto+Energy+FinTech+Logistics+Quantum,6,10,0.9216009708044419,-11.18416908412765,1817,False
AI+Crypto+FinTech+Logistics+Robotics+SaaS,6,10,0.9216009708044419,-10.715748031496076,1818,False
Crypto+Logistics+SaaS+Semiconductors,4,4,0.921643620269096,-25.043421052631572,1819,False
Robotics+SaaS,2,2,0.9217651054972831,-26.85454545454546,1820,False
Energy+Quantum,2,2,0.9217651054972831,-23.52380952380952,1821,False
Crypto+Energy+Logistics+Quantum+Semiconductors,5,5,0.9227619562648097,-20.333333333333325,1822,False
AI+Crypto+FinTech+Logistics+Quantum+Robotics+SaaS+Semiconductors,8,12,0.9227619562648097,-10.715748031496076,1823,False
AI+Crypto+Data/AI+FinTech+Logistics+Quantum+SaaS,7,12,0.9227619562648097,-10.82963692038496,1824,False
Crypto+Data/AI+Logistics+SaaS,4,5,0.9227619562648097,-9.736842105263154,1825,False
Crypto+Logistics+Robotics+SaaS+Semiconductors,5,5,0.9227619562648097,-9.736842105263154,1826,False
AI+Crypto+Energy+Logistics+Quantum+SaaS+Semiconductors,7,9,0.9256672011899683,-11.736842105263156,1827,False
AI+Energy+Logistics+Quantum+Robotics+SaaS,6,8,0.9256672011899683,-13.268421052631584,1828,False
Crypto+Data/AI+FinTech+Logistics+SaaS,5,8,0.9256672011899683,-9.382309941520466,1829,False
Crypto+Energy+FinTech+Logistics+Quantum+Semiconductors,6,8,0.9256672011899683,-15.03508771929824,1830,False
Crypto+FinTech+Logistics+Robotics+SaaS+Semiconductors,6,8,0.9256672011899683,-9.268421052631581,1831,False
Data/AI+Energy+FinTech+Quantum+Robotics+SaaS,6,9,0.9256672011899683,-11.035651793525814,1832,False
AI+Crypto+Data/AI+Energy+FinTech+Logistics+Quantum+SaaS+Semiconductors,9,14,0.9264362131670122,-10.82963692038496,1833,False
Crypto+Logistics+Robotics,3,3,0.9264362131670122,-9.736842105263154,1834,False
AI+Crypto+Defense+Energy+FinTech+Logistics+Quantum+Robotics+SaaS,9,14,0.9264362131670122,-26.700000000000003,1835,False
Crypto+Data/AI+Energy+Logistics+Quantum,5,6,0.9276070965955049,-15.03508771929824,1836,False
Crypto+Data/AI+Logistics+Robotics+SaaS,5,6,0.9276070965955049,-9.382309941520466,1837,False
Crypto+Energy+Logistics+Quantum+Robotics+Semiconductors,6,6,0.9276070965955049,-15.03508771929824,1838,False
AI+Crypto+Quantum+Robotics+SaaS,5,7,0.928505144689932,-10.80000000000001,1839,False
Energy+FinTech+Logistics+Quantum+Robotics,5,7,0.928505144689932,-11.744716121011189,1840,False
Crypto+Defense+Energy+FinTech+Quantum+Robotics+SaaS,7,10,0.928505144689932,-14.566666666666666,1841,False
Crypto+Data/AI+Energy+FinTech+Quantum+SaaS+Semiconductors,7,10,0.928505144689932,-14.680555555555552,1842,False
Crypto+Energy+FinTech+SaaS+Semiconductors,5,7,0.928505144689932,-18.033333333333324,1843,False
Crypto+Data/AI+Defense+Energy+FinTech+Logistics+Quantum+Robotics+SaaS,9,13,0.9296059976332427,-12.361697965571205,1844,False
Energy+FinTech+SaaS,3,5,0.9301132012174242,-18.033333333333324,1845,False
Crypto+FinTech+Quantum,3,5,0.9301132012174242,-24.41428571428571,1846,False
AI+Crypto+FinTech+Quantum+SaaS,5,9,0.9322032273940825,-2.2078740157480348,1847,False
Crypto+FinTech+Quantum+Robotics,4,6,0.9342843080771694,-17.75714285714286,1848,False
Energy+FinTech+Robotics+SaaS,4,6,0.9342843080771694,-14.566666666666666,1849,False
Crypto+Data/AI+FinTech+Logistics+Quantum+Robotics+SaaS+Semiconductors,8,11,0.9342843080771694,-11.035651793525814,1850,False
AI+Energy+FinTech+Logistics+Quantum+SaaS,6,10,0.9349328919635014,-11.18416908412765,1851,False
AI+Crypto+Energy+FinTech+Robotics+SaaS,6,10,0.9349328919635014,-10.715748031496076,1852,False
Crypto+Data/AI+Energy+Logistics+Quantum+Robotics,6,7,0.9349328919635014,-11.736842105263156,1853,False
Crypto+Defense+Energy+Logistics+Quantum+SaaS,6,7,0.9349328919635014,-20.333333333333325,1854,False
Energy+Logistics+Quantum+SaaS+Semiconductors,5,5,0.9369138261811052,-20.333333333333325,1855,False
AI+Crypto+Data/AI+Energy+FinTech+Quantum+SaaS,7,12,0.9369138261811052,-10.82963692038496,1856,False
Crypto+Energy+Robotics+SaaS+Semiconductors,5,5,0.9369138261811052,-20.333333333333325,1857,False
Crypto+Data/AI+Energy+SaaS,4,5,0.9369138261811052,-20.333333333333325,1858,False
AI+Crypto+Energy+FinTech+Quantum+Robotics+SaaS+Semiconductors,8,12,0.9369138261811052,-10.715748031496076,1859,False
Energy+Logistics+Quantum+Robotics,4,4,0.9369311528435134,-15.03508771929824,1860,False
Crypto+Energy+SaaS+Semiconductors,4,4,0.9369311528435134,-30.34166666666666,1861,False
AI+Crypto+Data/AI+Energy+FinTech+Logistics+Robotics+SaaS,8,13,0.9369311528435134,-20.80787401574804,1862,False
Crypto+Data/AI+Energy+FinTech+SaaS,5,8,0.9382862148518762,-14.680555555555552,1863,False
Crypto+Energy+FinTech+Logistics+Quantum+Robotics+Semiconductors,7,9,0.9382862148518762,-11.744716121011189,1864,False
Energy+FinTech+Logistics+Quantum+SaaS+Semiconductors,6,8,0.9382862148518762,-15.03508771929824,1865,False
Crypto+Data/AI+FinTech+Logistics+Robotics+SaaS,6,9,0.9382862148518762,-11.035651793525814,1866,False
Crypto+Energy+FinTech+Robotics+SaaS+Semiconductors,6,8,0.9382862148518762,-14.566666666666666,1867,False
Crypto+Data/AI+Energy+FinTech+Logistics+Quantum,6,9,0.9382862148518762,-11.744716121011189,1868,False
Data/AI+Energy+Logistics+Quantum+SaaS,5,6,0.9404738798647699,-15.03508771929824,1869,False
AI+Crypto+Energy+FinTech+Logistics+Quantum+Robotics,7,11,0.9404738798647699,-20.80787401574804,1870,False
Crypto+Data/AI+Energy+Robotics+SaaS,5,6,0.9404738798647699,-14.680555555555552,1871,False
Energy+Logistics+Quantum+Robotics+SaaS+Semiconductors,6,6,0.9404738798647699,-15.03508771929824,1872,False
AI+Crypto+Data/AI+Energy+Logistics+Quantum+SaaS,7,10,0.9409028429724766,-13.38230994152047,1873,False
AI+Crypto+Energy+Logistics+Quantum+Robotics+SaaS+Semiconductors,8,10,0.9409028429724766,-13.268421052631584,1874,False
AI+Crypto+Energy+Logistics+SaaS,5,7,0.9409028429724766,-11.736842105263156,1875,False
Crypto+FinTech+Quantum+SaaS+Semiconductors,5,7,0.9409028429724766,-24.41428571428571,1876,False
Crypto+Logistics,2,2,0.9413499838062137,-25.043421052631572,1877,False
Energy+Logistics+Quantum,3,3,0.942466105290057,-20.333333333333325,1878,False
Crypto+Energy+Robotics,3,3,0.942466105290057,-20.333333333333325,1879,False
Logistics+Robotics+SaaS,3,3,0.942466105290057,-9.736842105263154,1880,False
FinTech+Quantum+SaaS,3,5,0.943187604694206,-24.41428571428571,1881,False
Crypto+Data/AI+Energy+Logistics+Quantum+SaaS+Semiconductors,7,8,0.9439344621969861,-15.03508771929824,1882,False
Crypto+Defense+Energy+Logistics+Quantum+Robotics+SaaS,7,8,0.9439344621969861,-15.03508771929824,1883,False
Crypto+Data/AI+Energy+FinTech+Quantum+Robotics+SaaS+Semiconductors,8,11,0.9461969393440912,-11.035651793525814,1884,False
FinTech+Quantum+Robotics+SaaS,4,6,0.9461969393440912,-17.75714285714286,1885,False
Crypto+Energy+FinTech+Logistics,4,6,0.9461969393440912,-15.03508771929824,1886,False
Data/AI+Energy+Logistics+Quantum+Robotics+SaaS,6,7,0.9464344031823143,-11.736842105263156,1887,False
AI+Crypto+FinTech+Quantum+Robotics+SaaS,6,10,0.9464344031823143,-10.715748031496076,1888,False
Crypto+Quantum+Robotics+SaaS+Semiconductors,5,5,0.9489592809894545,-26.71428571428571,1889,False
Crypto+Data/AI+Quantum+SaaS,4,5,0.9489592809894545,-26.71428571428571,1890,False
AI+Crypto+Energy+Logistics+Robotics+SaaS,6,8,0.9491669008139338,-13.268421052631584,1891,False
Data/AI+Energy+FinTech+Logistics+Quantum+SaaS,6,9,0.9491669008139338,-11.744716121011189,1892,False
Crypto+FinTech+Quantum+Robotics+SaaS+Semiconductors,6,8,0.9491669008139338,-17.75714285714286,1893,False
Crypto+Data/AI+FinTech+Quantum+SaaS,5,8,0.9491669008139338,-17.871031746031747,1894,False
Energy+FinTech+Logistics+Quantum+Robotics+SaaS+Semiconductors,7,9,0.9491669008139338,-11.744716121011189,1895,False
Crypto+Data/AI+Energy+FinTech+Robotics+SaaS,6,9,0.9491669008139338,-11.035651793525814,1896,False
AI+Crypto+Data/AI+FinTech+Logistics+Quantum+Robotics+SaaS,8,13,0.9497887330617308,-20.80787401574804,1897,False
Crypto+Quantum+SaaS+Semiconductors,4,4,0.9497887330617308,-33.53214285714285,1898,False
AI+Energy+FinTech+Logistics+Quantum+Robotics+SaaS,7,11,0.9514752882843288,-20.80787401574804,1899,False
Crypto+Data/AI+Quantum+Robotics+SaaS,5,6,0.9514752882843288,-17.871031746031747,1900,False
Crypto+Defense+Energy+FinTech+Logistics+Quantum+SaaS,7,10,0.951547563656346,-15.03508771929824,1901,False
Crypto+Energy+FinTech+Logistics+Robotics,5,7,0.951547563656346,-11.744716121011189,1902,False
Crypto+Data/AI+Energy+FinTech+Logistics+Quantum+Robotics,7,10,0.951547563656346,-13.398057973016535,1903,False
AI+Crypto+Logistics+Quantum+SaaS,5,7,0.951547563656346,-11.736842105263156,1904,False
Crypto+Data/AI+Energy+Logistics+Quantum+Robotics+SaaS+Semiconductors,8,9,0.9540029223598522,-11.736842105263156,1905,False
Crypto+Quantum+Robotics,3,3,0.9556113736086221,-26.71428571428571,1906,False
Energy+Robotics+SaaS,3,3,0.9556113736086221,-20.333333333333325,1907,False
AI+Crypto+Energy+FinTech+Logistics+SaaS,6,10,0.9562627200760728,-11.18416908412765,1908,False
AI+Crypto+Data/AI+Energy+Logistics+Quantum+Robotics+SaaS,8,11,0.9563311925615713,-13.035651793525815,1909,False
Energy+FinTech+Logistics+SaaS,4,6,0.9563311925615713,-15.03508771929824,1910,False
Crypto+FinTech+Logistics+Quantum,4,6,0.9563311925615713,-18.225563909774433,1911,False
Crypto+Energy,2,2,0.956861311357363,-30.34166666666666,1912,False
Logistics+SaaS,2,2,0.956861311357363,-27.32296650717703,1913,False
AI+Crypto+Logistics+Quantum+Robotics+SaaS,6,8,0.9584622148740121,-13.268421052631584,1914,False
Crypto+Data/AI+FinTech+Quantum+Robotics+SaaS,6,9,0.9584622148740121,-11.035651793525814,1915,False
Crypto+Energy+FinTech+Logistics+SaaS+Semiconductors,6,8,0.9584622148740121,-15.03508771929824,1916,False
AI+Crypto+Energy+FinTech+Logistics+Quantum+SaaS+Semiconductors,8,12,0.9590985263643875,-11.18416908412765,1917,False
Crypto+Energy+Logistics+SaaS+Semiconductors,5,5,0.9590985263643875,-20.333333333333325,1918,False
Crypto+Energy+Logistics+Robotics,4,4,0.9604648256362786,-15.03508771929824,1919,False
AI+Crypto+Data/AI+Energy+FinTech+Quantum+Robotics+SaaS,8,13,0.9604648256362786,-20.80787401574804,1920,False
Energy+FinTech+Logistics+Robotics+SaaS,5,7,0.9606005017369086,-11.744716121011189,1921,False
AI+Crypto+Energy+Quantum+SaaS,5,7,0.9606005017369086,-22.33333333333333,1922,False
Crypto+FinTech+Logistics+Quantum+Robotics,5,7,0.9606005017369086,-11.744716121011189,1923,False
Data/AI+Energy+FinTech+Logistics+Quantum+Robotics+SaaS,7,10,0.9606005017369086,-13.398057973016535,1924,False
Crypto+Energy+Logistics+Robotics+SaaS+Semiconductors,6,6,0.9607871837090658,-15.03508771929824,1925,False
Crypto+Data/AI+Energy+Logistics+SaaS,5,6,0.9607871837090658,-15.03508771929824,1926,False
Crypto+FinTech+SaaS,3,5,0.9635180440023571,-28.52191780821918,1927,False
Crypto+Data/AI+Energy+Logistics+Robotics+SaaS,6,7,0.9645816117090186,-11.736842105263156,1928,False
AI+Crypto+FinTech+Logistics+Quantum+SaaS,6,10,0.9645816117090186,-11.18416908412765,1929,False
Crypto+Energy+FinTech+Quantum,4,6,0.9648658737649196,-23.52380952380952,1930,False
Crypto+Defense+Energy+FinTech+Logistics+Quantum+Robotics+SaaS,8,11,0.9648658737649196,-13.07076229305658,1931,False
FinTech+Logistics+Quantum+SaaS,4,6,0.9648658737649196,-18.225563909774433,1932,False
Crypto+FinTech+Robotics+SaaS,4,6,0.9648658737649196,-19.810958904109594,1933,False
Crypto+Data/AI+Energy+FinTech+Logistics+Quantum+SaaS+Semiconductors,8,11,0.9648658737649196,-11.744716121011189,1934,False
Quantum+Robotics+SaaS,3,3,0.9662213741446151,-26.71428571428571,1935,False
Crypto+Energy+Logistics,3,3,0.9662213741446151,-20.333333333333325,1936,False
AI+Crypto+Energy+Quantum+Robotics+SaaS,6,8,0.9663299328858723,-18.56666666666667,1937,False
Crypto+Data/AI+Energy+FinTech+Logistics+SaaS,6,9,0.9663299328858723,-11.744716121011189,1938,False
Crypto+FinTech+Logistics+Quantum+SaaS+Semiconductors,6,8,0.9663299328858723,-18.225563909774433,1939,False
Crypto+Energy+FinTech+Logistics+Robotics+SaaS+Semiconductors,7,9,0.9663299328858723,-11.744716121011189,1940,False
Crypto+Logistics+Quantum+SaaS+Semiconductors,5,5,0.9675388892525866,-26.71428571428571,1941,False
Crypto+Energy+FinTech+Quantum+Robotics,5,7,0.9682266791074303,-22.34120734908136,1942,False
FinTech+Logistics+Quantum+Robotics+SaaS,5,7,0.9682266791074303,-11.744716121011189,1943,False
Crypto+Logistics+Quantum+Robotics+SaaS+Semiconductors,6,6,0.9685897845773568,-18.225563909774433,1944,False
Crypto+Data/AI+Logistics+Quantum+SaaS,5,6,0.9685897845773568,-18.225563909774433,1945,False
AI+Crypto+Energy+FinTech+Logistics+Robotics+SaaS,7,11,0.9685897845773568,-20.80787401574804,1946,False
Energy+SaaS,2,2,0.9688765411047732,-32.62121212121212,1947,False
Crypto+Quantum,2,2,0.9688765411047732,-33.53214285714285,1948,False
AI+Crypto+Data/AI+Energy+FinTech+Logistics+Quantum+Robotics+SaaS+Semiconductors,10,15,0.9688765411047732,-45.422628114108704,1949,False
Energy+Logistics+Robotics+SaaS,4,4,0.9692166110240165,-15.03508771929824,1950,False
Crypto+Logistics+Quantum+Robotics,4,4,0.9692166110240165,-18.225563909774433,1951,False
Crypto+Data/AI+Logistics+Quantum+Robotics+SaaS,6,7,0.971556124174386,-11.736842105263156,1952,False
AI+Crypto+Energy+FinTech+Quantum+SaaS,6,10,0.971556124174386,-16.482414698162735,1953,False
Energy+FinTech+Quantum+SaaS,4,6,0.9719811924226631,-23.52380952380952,1954,False
Crypto+FinTech+Logistics+Quantum+Robotics+SaaS+Semiconductors,7,9,0.9729279043003154,-11.744716121011189,1955,False
Crypto+Data/AI+FinTech+Logistics+Quantum+SaaS,6,9,0.9729279043003154,-11.744716121011189,1956,False
Crypto+Energy+FinTech+Quantum+SaaS+Semiconductors,6,8,0.9729279043003154,-23.52380952380952,1957,False
Crypto+Energy+Quantum+SaaS+Semiconductors,5,5,0.9744873668147389,-26.71428571428571,1958,False
Energy+FinTech+Quantum+Robotics+SaaS,5,7,0.9745900366440391,-22.34120734908136,1959,False
Crypto+Data/AI+Energy+FinTech+Logistics+Robotics+SaaS,7,10,0.9745900366440391,-13.398057973016535,1960,False
Energy+Logistics+SaaS,3,3,0.9746502265340387,-20.333333333333325,1961,False
Crypto+Logistics+Quantum,3,3,0.9746502265340387,-26.71428571428571,1962,False
AI+Crypto+FinTech+Logistics+Quantum+Robotics+SaaS,7,11,0.9750619884969626,-20.80787401574804,1963,False
Crypto+Energy+Quantum+Robotics+SaaS+Semiconductors,6,6,0.9750619884969626,-23.52380952380952,1964,False
Crypto+Data/AI+Energy+Quantum+SaaS,5,6,0.9750619884969626,-23.52380952380952,1965,False
Logistics+Quantum+Robotics+SaaS,4,4,0.976299529220564,-18.225563909774433,1966,False
Crypto+Energy+Quantum+Robotics,4,4,0.976299529220564,-23.52380952380952,1967,False
AI+Crypto+Data/AI+Energy+FinTech+Logistics+Quantum+SaaS,8,13,0.976299529220564,-21.035651793525812,1968,False
AI+Crypto+Energy+FinTech+Logistics+Quantum+Robotics+SaaS+Semiconductors,9,13,0.976299529220564,-24.501903866494313,1969,False
Crypto+Data/AI+Energy+Quantum+Robotics+SaaS,6,7,0.9773480676386096,-22.33333333333333,1970,False
Crypto+Data/AI+Energy+FinTech+Logistics+Quantum+Robotics+SaaS+Semiconductors,9,12,0.9774651932209365,-13.398057973016535,1971,False
Crypto+FinTech+Logistics+SaaS,4,6,0.9778535555647057,-20.279379956741167,1972,False
Quantum+SaaS,2,2,0.9779792404617277,-35.81168831168831,1973,False
Crypto+Energy+FinTech+Quantum+Robotics+SaaS+Semiconductors,7,9,0.9784100301170193,-22.34120734908136,1974,False
Crypto+Data/AI+Energy+FinTech+Quantum+SaaS,6,9,0.9784100301170193,-22.34120734908136,1975,False
AI+Crypto+Energy+Logistics+Quantum+SaaS,6,8,0.9784100301170193,-19.035087719298243,1976,False
Crypto+FinTech+Logistics+Robotics+SaaS,5,7,0.9798493351390327,-11.744716121011189,1977,False
Crypto+Data/AI+FinTech+Logistics+Quantum+Robotics+SaaS,7,10,0.9798493351390327,-13.398057973016535,1978,False
Crypto+Energy+FinTech+Logistics+Quantum,5,7,0.9798493351390327,-22.34120734908136,1979,False
AI+Crypto+Energy+FinTech+Quantum+Robotics+SaaS,7,11,0.9803766607882088,-20.80787401574804,1980,False
Logistics+Quantum+SaaS,3,3,0.981240881549844,-26.71428571428571,1981,False
Crypto+Robotics+SaaS,3,3,0.981240881549844,-40.349999999999994,1982,False
Crypto+Energy+Quantum,3,3,0.981240881549844,-26.71428571428571,1983,False
Energy+Quantum+Robotics+SaaS,4,4,0.9819587811740016,-23.52380952380952,1984,False
Crypto+Energy+FinTech+SaaS,4,6,0.9826513645269879,-25.577625570776252,1985,False
AI+Crypto+Energy+Logistics+Quantum+Robotics+SaaS,7,9,0.9829230213726425,-13.74471612101119,1986,False
Crypto+Energy+FinTech+Logistics+Quantum+Robotics,6,8,0.9829230213726425,-19.05083575079431,1987,False
Crypto+Energy+FinTech+Robotics+SaaS,5,7,0.9841549123851495,-22.34120734908136,1988,False
Crypto+Data/AI+Energy+FinTech+Quantum+Robotics+SaaS,7,10,0.9841549123851495,-18.69630358705162,1989,False
Energy+FinTech+Logistics+Quantum+SaaS,5,7,0.9841549123851495,-22.34120734908136,1990,False
Crypto+Energy+Logistics+Quantum+SaaS+Semiconductors,6,6,0.9846969446853955,-23.52380952380952,1991,False
Crypto+Energy+Logistics+Quantum+Robotics,5,5,0.98469919711268,-22.33333333333333,1992,False
Crypto+Data/AI+Energy+Logistics+Quantum+SaaS,6,7,0.9859941275856003,-22.33333333333333,1993,False
Crypto+Energy+Logistics+Quantum+Robotics+SaaS+Semiconductors,7,7,0.9859941275856003,-22.33333333333333,1994,False
Energy+Quantum+SaaS,3,3,0.986313074841871,-26.71428571428571,1995,False
Crypto+Logistics+Robotics+SaaS,4,4,0.9864229135865362,-25.043421052631572,1996,False
Crypto+Energy+Logistics+Quantum,4,4,0.9864229135865362,-23.52380952380952,1997,False
Crypto+FinTech+Quantum+SaaS,4,6,0.9865318360038694,-28.768101761252446,1998,False
Energy+FinTech+Logistics+Quantum+Robotics+SaaS,6,8,0.9866039458720983,-19.05083575079431,1999,False
Crypto+Energy+FinTech+Logistics+Quantum+SaaS+Semiconductors,7,9,0.9866039458720983,-22.34120734908136,2000,False
Crypto+FinTech+Quantum+Robotics+SaaS,5,7,0.9876462915847982,-28.722159730033745,2001,False
Crypto+Data/AI+Energy+Logistics+Quantum+Robotics+SaaS,7,8,0.9881721475225899,-19.035087719298243,2002,False
AI+Crypto+Energy+FinTech+Logistics+Quantum+SaaS,7,11,0.9881735835338339,-21.744716121011187,2003,False
Energy+Logistics+Quantum+Robotics+SaaS,5,5,0.9883259135086592,-22.33333333333333,2004,False
Crypto+SaaS,2,2,0.989611728431184,-42.62954545454545,2005,False
Energy+Logistics+Quantum+SaaS,4,4,0.9898994464543027,-23.52380952380952,2006,False
Crypto+Energy+Robotics+SaaS,4,4,0.9898994464543027,-30.34166666666666,2007,False
AI+Crypto+Data/AI+Energy+FinTech+Logistics+Quantum+Robotics+SaaS,9,14,0.9901551874782976,-28.91388888888889,2008,False
Crypto+Logistics+SaaS,3,3,0.9901551874782976,-40.349999999999994,2009,False
Crypto+Energy+FinTech+Logistics+SaaS,5,7,0.990450593214157,-22.34120734908136,2010,False
Crypto+Energy+FinTech+Logistics+Quantum+Robotics+SaaS+Semiconductors,8,10,0.990450593214157,-19.05083575079431,2011,False
Crypto+Data/AI+Energy+FinTech+Logistics+Quantum+SaaS,7,10,0.990450593214157,-19.05083575079431,2012,False
Crypto+Energy+FinTech+Logistics+Robotics+SaaS,6,8,0.9919601502127475,-19.05083575079431,2013,False
Crypto+Quantum+Robotics+SaaS,4,4,0.9925723718833052,-33.53214285714285,2014,False
Crypto+FinTech+Logistics+Quantum+SaaS,5,7,0.9926816698945025,-28.722159730033745,2015,False
Crypto+Energy+SaaS,3,3,0.993019704894333,-40.349999999999994,2016,False
Crypto+Energy+Logistics+Robotics+SaaS,5,5,0.9934057225787479,-22.33333333333333,2017,False
AI+Crypto+Energy+FinTech+Logistics+Quantum+Robotics+SaaS,8,12,0.9934057225787479,-29.268421052631577,2018,False
Crypto+FinTech+Logistics+Quantum+Robotics+SaaS,6,8,0.9938494274873803,-22.241311941270503,2019,False
Crypto+Data/AI+Energy+FinTech+Logistics+Quantum+Robotics+SaaS,8,11,0.9940337716707227,-15.078636308804615,2020,False
Crypto+Energy+FinTech+Quantum+SaaS,5,7,0.9944398620468224,-28.722159730033745,2021,False
Crypto+Energy+Logistics+SaaS,4,4,0.9946012622266374,-30.34166666666666,2022,False
Crypto+Logistics+Quantum+Robotics+SaaS,5,5,0.9951184765467288,-28.714285714285715,2023,False
Crypto+Quantum+SaaS,3,3,0.9951217397564845,-40.349999999999994,2024,False
Crypto+Energy+FinTech+Quantum+Robotics+SaaS,6,8,0.9953343227043102,-27.53955755530559,2025,False
Crypto+Logistics+Quantum+SaaS,4,4,0.996121675088072,-33.53214285714285,2026,False
Crypto+Energy+Quantum+Robotics+SaaS,5,5,0.9964229488793325,-28.714285714285715,2027,False
Crypto+Energy+Quantum+SaaS,4,4,0.9972465279545859,-33.53214285714285,2028,False
Crypto+Energy+FinTech+Logistics+Quantum+SaaS,6,8,0.9973827560678086,-27.53955755530559,2029,False
Crypto+Energy+Logistics+Quantum+Robotics+SaaS,6,6,0.9979222804677353,-27.523809523809522,2030,False
Crypto+Energy+FinTech+Logistics+Quantum+Robotics+SaaS,7,9,0.9980647141074321,-25.675127536874786,2031,False
Crypto+Energy+Logistics+Quantum+SaaS,5,5,0.9981373531069971,-28.714285714285715,2032,False
